1311868164.363181 -0.000000 0.000000 0.000000 0.000000 0.000000 0.000000 1.000000
1311868164.399026 -0.002970 0.001078 -0.029344 -0.001502 -0.000440 -0.001597 0.999998
1311868164.430940 -0.003464 0.004136 -0.033328 -0.003199 -0.002547 -0.003100 0.999987
1311868164.463055 0.000069 0.002799 -0.035904 -0.006267 -0.003650 -0.005551 0.999958
1311868164.499130 0.006192 0.005964 -0.039692 -0.007268 -0.003032 -0.008509 0.999933
1311868164.531025 0.010182 0.006724 -0.038431 -0.007462 -0.000850 -0.010174 0.999920
1311868164.563004 0.010876 0.006240 -0.042512 -0.007142 0.001969 -0.012060 0.999900
1311868164.599061 0.013609 0.000752 -0.046782 -0.007519 0.002854 -0.014255 0.999866
1311868164.631140 0.013963 0.002467 -0.049069 -0.005158 0.003988 -0.014996 0.999866
1311868164.663105 0.017705 0.000191 -0.055367 -0.005078 0.003239 -0.015258 0.999865
1311868164.698987 0.025682 0.007214 -0.059090 -0.003256 0.000110 -0.014862 0.999884
1311868164.731046 0.030157 -0.000825 -0.059458 -0.005327 -0.001895 -0.013751 0.999889
1311868164.763098 0.031958 -0.006443 -0.065090 -0.004735 -0.002435 -0.013635 0.999893
1311868164.799138 0.044551 -0.001860 -0.064797 -0.000579 -0.005346 -0.013310 0.999897
1311868164.831006 0.054373 -0.002372 -0.068731 0.003108 -0.006241 -0.013186 0.999889
1311868164.863058 0.066971 -0.005802 -0.065371 0.005461 -0.007184 -0.015136 0.999845
1311868164.899132 0.052034 -0.001995 -0.041482 0.009925 0.000757 -0.014976 0.999838
1311868164.930933 0.056843 0.002766 -0.066754 0.014181 0.001247 -0.017226 0.999750
1311868164.963119 0.063380 0.009329 -0.067072 0.015423 0.001086 -0.019066 0.999699
1311868164.999037 0.070553 0.006626 -0.071345 0.012660 -0.000996 -0.019445 0.999730
1311868165.031122 0.072262 0.005549 -0.070560 0.012440 -0.003144 -0.019381 0.999730
1311868165.063108 0.082529 0.005931 -0.075458 0.012308 -0.007100 -0.020917 0.999680
1311868165.099162 0.091961 0.003042 -0.082605 0.011106 -0.010300 -0.023791 0.999602
1311868165.131014 0.106970 -0.006441 -0.081509 0.010120 -0.015060 -0.025657 0.999506
1311868165.163146 0.126549 -0.002624 -0.083444 0.013177 -0.020281 -0.027876 0.999319
1311868165.199145 0.128093 0.007265 -0.088536 0.016591 -0.019354 -0.030763 0.999202
1311868165.231193 0.149524 0.010508 -0.088631 0.016983 -0.024354 -0.032542 0.999029
1311868165.263005 0.158089 0.014670 -0.094311 0.016306 -0.026533 -0.033443 0.998955
1311868165.299103 0.167264 0.009976 -0.086480 0.011365 -0.029705 -0.034661 0.998893
1311868165.331226 0.189740 0.014126 -0.120330 0.008809 -0.036954 -0.035571 0.998645
1311868165.363060 0.203427 0.009182 -0.124836 0.005501 -0.041531 -0.035583 0.998488
1311868165.399160 0.218786 0.014229 -0.125534 0.006377 -0.044952 -0.037016 0.998283
1311868165.430962 0.237641 0.025344 -0.127303 0.007068 -0.048801 -0.036233 0.998126
1311868165.463114 0.238177 0.021840 -0.129144 0.000755 -0.047431 -0.035340 0.998249
1311868165.499179 0.254437 0.032796 -0.126634 -0.000986 -0.052114 -0.032820 0.998101
1311868165.531124 0.254155 0.026100 -0.131467 -0.008026 -0.051513 -0.030965 0.998160
1311868165.563054 0.246242 0.029467 -0.097329 -0.010772 -0.049015 -0.030457 0.998275
1311868165.599188 0.254051 0.030240 -0.129890 -0.010815 -0.048346 -0.030723 0.998299
1311868165.631159 0.261876 0.030842 -0.130993 -0.009622 -0.048214 -0.033017 0.998245
1311868165.663251 0.266257 0.033299 -0.134250 -0.008300 -0.046012 -0.034097 0.998324
1311868165.699187 0.269133 0.034293 -0.138970 -0.006649 -0.043034 -0.034881 0.998442
1311868165.731234 0.278164 0.033881 -0.144456 -0.005808 -0.042771 -0.035672 0.998431
1311868165.763100 0.287199 0.039301 -0.148100 -0.005334 -0.041648 -0.035399 0.998491
1311868165.799107 0.293869 0.042857 -0.153174 -0.006610 -0.039562 -0.034079 0.998614
1311868165.831186 0.289643 0.046462 -0.156489 -0.008011 -0.035929 -0.033462 0.998762
1311868165.863220 0.290561 0.047736 -0.159345 -0.010716 -0.032854 -0.034108 0.998821
1311868165.899162 0.293363 0.048712 -0.165884 -0.012289 -0.029993 -0.035074 0.998859
1311868165.931154 0.295803 0.047609 -0.170890 -0.012965 -0.026576 -0.033860 0.998989
1311868165.963154 0.295007 0.053375 -0.175799 -0.011202 -0.022612 -0.033702 0.999113
1311868165.999133 0.297975 0.056574 -0.183820 -0.012344 -0.020742 -0.031925 0.999199
1311868166.031204 0.303448 0.057958 -0.192628 -0.014723 -0.018649 -0.028633 0.999308
1311868166.063111 0.299558 0.067875 -0.196791 -0.015794 -0.014942 -0.024049 0.999474
1311868166.099206 0.282673 0.068695 -0.174557 -0.021490 -0.008620 -0.024871 0.999422
1311868166.131254 0.261948 0.071705 -0.220501 -0.023824 -0.001310 -0.024552 0.999414
1311868166.163189 0.264788 0.078459 -0.223787 -0.025598 -0.001927 -0.025115 0.999355
1311868166.199211 0.266861 0.086654 -0.234649 -0.028737 -0.000522 -0.025720 0.999256
1311868166.231050 0.264865 0.093285 -0.237315 -0.031819 0.001952 -0.024212 0.999198
1311868166.263177 0.264074 0.103027 -0.245568 -0.034238 0.004502 -0.022645 0.999147
1311868166.299209 0.269743 0.107962 -0.246594 -0.038882 0.006220 -0.019629 0.999032
1311868166.331189 0.268418 0.119474 -0.252764 -0.042255 0.008610 -0.016873 0.998927
1311868166.363122 0.269302 0.119856 -0.263508 -0.048722 0.009096 -0.016312 0.998638
1311868166.399232 0.271378 0.122731 -0.269193 -0.052133 0.009509 -0.018174 0.998429
1311868166.431171 0.272867 0.126109 -0.268963 -0.053935 0.010255 -0.018079 0.998328
1311868166.463018 0.285604 0.123822 -0.284354 -0.057176 0.011553 -0.021161 0.998073
1311868166.499195 0.297067 0.131040 -0.234286 -0.056714 0.011628 -0.022308 0.998073
1311868166.531252 0.290140 0.136335 -0.285139 -0.056180 0.016512 -0.020564 0.998072
1311868166.563132 0.297818 0.137970 -0.280814 -0.055556 0.015711 -0.021454 0.998101
1311868166.599207 0.290914 0.140599 -0.287696 -0.054572 0.018505 -0.021549 0.998106
1311868166.631287 0.305280 0.140509 -0.292543 -0.054649 0.015257 -0.021000 0.998168
1311868166.663284 0.305996 0.143055 -0.296948 -0.053510 0.015825 -0.020658 0.998228
1311868166.699270 0.322320 0.139206 -0.302323 -0.054005 0.012868 -0.018845 0.998280
1311868166.731105 0.321408 0.144646 -0.302731 -0.051580 0.013701 -0.017629 0.998419
1311868166.763333 0.326901 0.142260 -0.300866 -0.050779 0.012489 -0.017042 0.998486
1311868166.799225 0.342098 0.135519 -0.306703 -0.051556 0.008324 -0.017103 0.998489
1311868166.831229 0.345581 0.141311 -0.307321 -0.048517 0.007106 -0.017706 0.998640
1311868166.863222 0.348860 0.139686 -0.309548 -0.047839 0.005641 -0.018749 0.998663
1311868166.899308 0.364826 0.137362 -0.312406 -0.047060 0.001134 -0.021818 0.998653
1311868166.931160 0.378874 0.135042 -0.316571 -0.046247 -0.001846 -0.023852 0.998644
1311868166.963312 0.387464 0.135412 -0.277192 -0.044563 -0.004133 -0.028266 0.998598
1311868166.999289 0.396547 0.137433 -0.321776 -0.042613 -0.005473 -0.028878 0.998659
1311868167.031127 0.410775 0.139336 -0.318551 -0.041834 -0.010578 -0.032748 0.998532
1311868167.063209 0.412316 0.139606 -0.319730 -0.041801 -0.012810 -0.035368 0.998418
1311868167.099303 0.426389 0.139785 -0.319998 -0.041572 -0.017147 -0.038210 0.998257
1311868167.163230 0.451096 0.138694 -0.319058 -0.041480 -0.026024 -0.043328 0.997860
1311868167.199258 0.464014 0.135852 -0.315112 -0.040523 -0.031019 -0.046394 0.997619
1311868167.231267 0.477086 0.138071 -0.316716 -0.038201 -0.036957 -0.048721 0.997397
1311868167.263251 0.489482 0.131347 -0.282217 -0.038590 -0.043842 -0.054333 0.996813
1311868167.299141 0.496382 0.131655 -0.325855 -0.037345 -0.044398 -0.055272 0.996784
1311868167.331145 0.510739 0.132253 -0.330152 -0.036752 -0.047518 -0.056675 0.996584
1311868167.363275 0.527815 0.135120 -0.329088 -0.036097 -0.051018 -0.058697 0.996318
1311868167.399226 0.531324 0.136108 -0.319872 -0.035762 -0.051820 -0.059909 0.996216
1311868167.431237 0.536103 0.132714 -0.323219 -0.037353 -0.052912 -0.060021 0.996094
1311868167.463303 0.548693 0.134333 -0.320180 -0.037176 -0.056753 -0.059038 0.995948
1311868167.499121 0.554015 0.130369 -0.323206 -0.038451 -0.059046 -0.059240 0.995754
1311868167.531321 0.569206 0.131189 -0.327756 -0.037426 -0.062684 -0.059621 0.995548
1311868167.563160 0.567991 0.129465 -0.323269 -0.036839 -0.061784 -0.061240 0.995528
1311868167.599230 0.577938 0.130013 -0.320068 -0.036521 -0.063634 -0.060967 0.995440
1311868167.631495 0.582802 0.132196 -0.318744 -0.036106 -0.064542 -0.060928 0.995399
1311868167.663360 0.584550 0.125518 -0.282755 -0.037715 -0.067602 -0.063246 0.994991
1311868167.699226 0.593324 0.127954 -0.335309 -0.038717 -0.065880 -0.061161 0.995199
1311868167.731241 0.593033 0.128961 -0.333936 -0.040433 -0.066076 -0.061666 0.995086
1311868167.763281 0.596317 0.125562 -0.329652 -0.042381 -0.066615 -0.062633 0.994909
1311868167.799224 0.600764 0.126178 -0.330995 -0.043796 -0.067046 -0.062042 0.994856
1311868167.863098 0.614389 0.123882 -0.328003 -0.045261 -0.067662 -0.062131 0.994743
1311868167.899376 0.611606 0.117912 -0.326524 -0.045234 -0.065624 -0.060225 0.994998
1311868167.931184 0.621490 0.116761 -0.318734 -0.042829 -0.068221 -0.057897 0.995068
1311868167.999325 0.629050 0.114269 -0.317304 -0.041805 -0.069577 -0.052545 0.995314
1311868168.031266 0.625670 0.108341 -0.314759 -0.043064 -0.068904 -0.050799 0.995398
1311868168.063183 0.629011 0.109285 -0.306518 -0.042721 -0.069132 -0.049635 0.995456
1311868168.099296 0.632515 0.104961 -0.302744 -0.042214 -0.069028 -0.050055 0.995464
1311868168.131162 0.632956 0.103985 -0.291694 -0.040705 -0.069050 -0.050587 0.995498
1311868168.163282 0.634107 0.097586 -0.294407 -0.040447 -0.069318 -0.052394 0.995396
1311868168.199247 0.633853 0.096899 -0.293443 -0.039557 -0.068961 -0.053937 0.995374
1311868168.263256 0.639497 0.097613 -0.273661 -0.039547 -0.071051 -0.057029 0.995056
1311868168.299606 0.637148 0.094722 -0.272555 -0.041420 -0.071066 -0.057462 0.994953
1311868168.331222 0.638153 0.086445 -0.263704 -0.044249 -0.072945 -0.058662 0.994626
1311868168.363180 0.628501 0.080022 -0.260863 -0.046193 -0.072242 -0.059292 0.994551
1311868168.399360 0.630030 0.077706 -0.255815 -0.044424 -0.073495 -0.059732 0.994513
1311868168.431214 0.628483 0.061354 -0.201836 -0.044062 -0.078531 -0.066043 0.993745
1311868168.463333 0.637277 0.057579 -0.233324 -0.039737 -0.078515 -0.065789 0.993946
1311868168.499268 0.636574 0.052264 -0.230593 -0.035736 -0.078694 -0.065892 0.994077
1311868168.563319 0.635759 0.043359 -0.213439 -0.029765 -0.082186 -0.065673 0.994005
1311868168.599366 0.635246 0.036141 -0.207610 -0.030771 -0.084123 -0.064968 0.993859
1311868168.663320 0.635315 0.030786 -0.194205 -0.028744 -0.086956 -0.064986 0.993675
1311868168.699557 0.635438 0.030310 -0.186359 -0.027527 -0.087314 -0.065269 0.993659
1311868168.763305 0.634602 0.026623 -0.171628 -0.027293 -0.087970 -0.064066 0.993686
1311868168.799362 0.635722 0.024510 -0.172306 -0.028851 -0.089766 -0.063181 0.993538
1311868168.831176 0.639239 0.020253 -0.166444 -0.030432 -0.093038 -0.062201 0.993252
1311868168.899300 0.627082 0.010532 -0.122673 -0.029658 -0.097692 -0.068041 0.992445
1311868168.931215 0.645232 0.004148 -0.150237 -0.027860 -0.101425 -0.068420 0.992096
1311868168.963348 0.644202 -0.000213 -0.145018 -0.025623 -0.103372 -0.071210 0.991759
1311868168.999373 0.644537 -0.006075 -0.137297 -0.023805 -0.106969 -0.073675 0.991243
1311868169.031214 0.645210 -0.006913 -0.133966 -0.020959 -0.110181 -0.075887 0.990789
1311868169.063354 0.645334 -0.018454 -0.130703 -0.020546 -0.113716 -0.076897 0.990320
1311868169.099339 0.652137 -0.021586 -0.118999 -0.017583 -0.119447 -0.077305 0.989670
1311868169.131247 0.648394 -0.027237 -0.115692 -0.014789 -0.121944 -0.080044 0.989194
1311868169.199452 0.642830 -0.035946 -0.075772 -0.010331 -0.133247 -0.087748 0.987137
1311868169.231354 0.662447 -0.045363 -0.089528 -0.008276 -0.142173 -0.089720 0.985733
1311868169.263274 0.667867 -0.054707 -0.083392 -0.007467 -0.148905 -0.092632 0.984475
1311868169.299529 0.669818 -0.058373 -0.074792 -0.005305 -0.154917 -0.095618 0.983275
1311868169.331297 0.672368 -0.069906 -0.068070 -0.003618 -0.160829 -0.100478 0.981848
1311868169.363470 0.676659 -0.078556 -0.059357 -0.000286 -0.167093 -0.105494 0.980281
1311868169.399437 0.664316 -0.078528 -0.040433 0.004727 -0.170799 -0.111895 0.978920
1311868169.431440 0.686003 -0.093997 -0.046901 0.006160 -0.181487 -0.114386 0.976699
1311868169.463229 0.689202 -0.099528 -0.042139 0.009415 -0.188151 -0.117582 0.975031
1311868169.499263 0.696200 -0.111758 -0.035712 0.011002 -0.194846 -0.122499 0.973092
1311868169.531434 0.703000 -0.117615 -0.026172 0.014381 -0.200063 -0.125970 0.971545
1311868169.563501 0.708041 -0.134528 -0.022159 0.015690 -0.203227 -0.131478 0.970137
1311868169.599378 0.694290 -0.126169 -0.006261 0.023572 -0.201990 -0.136220 0.969582
1311868169.631327 0.724675 -0.135779 -0.003468 0.026666 -0.212426 -0.136986 0.967160
1311868169.663240 0.720942 -0.141346 -0.004024 0.028759 -0.216034 -0.140253 0.965832
1311868169.699466 0.730209 -0.152145 0.003162 0.028620 -0.223625 -0.142227 0.963817
1311868169.731279 0.737328 -0.153523 0.004389 0.030888 -0.228498 -0.144010 0.962339
1311868169.763417 0.744793 -0.163465 0.009345 0.030386 -0.231252 -0.144795 0.961579
1311868169.799368 0.752177 -0.164426 0.021107 0.033151 -0.234364 -0.142381 0.961094
1311868169.831415 0.752852 -0.166832 0.019001 0.034709 -0.234747 -0.143233 0.960819
1311868169.863396 0.757802 -0.170394 0.020125 0.034491 -0.236514 -0.143956 0.960285
1311868169.899390 0.761813 -0.176577 0.023130 0.033787 -0.237945 -0.142722 0.960141
1311868169.931272 0.772530 -0.179142 0.028644 0.033316 -0.240128 -0.141882 0.959739
1311868169.963415 0.751853 -0.176044 0.028783 0.034676 -0.233082 -0.142264 0.961369
1311868169.999399 0.778194 -0.189948 0.024725 0.034533 -0.236369 -0.136327 0.961432
1311868170.031274 0.782478 -0.186279 0.023328 0.036926 -0.236087 -0.131029 0.962149
1311868170.063469 0.785973 -0.191188 0.021083 0.035093 -0.237335 -0.128475 0.962255
1311868170.099394 0.787052 -0.200090 0.018270 0.034881 -0.238985 -0.126412 0.962128
1311868170.131345 0.801625 -0.202502 0.018815 0.037207 -0.243549 -0.123203 0.961312
1311868170.163416 0.808661 -0.201387 0.018172 0.039517 -0.244283 -0.122815 0.961083
1311868170.199317 0.824311 -0.196641 0.022367 0.041508 -0.247037 -0.119605 0.960700
1311868170.231467 0.821850 -0.200779 0.011874 0.039745 -0.244253 -0.116775 0.961834
1311868170.263521 0.826851 -0.197315 0.008040 0.038871 -0.244322 -0.114415 0.962136
1311868170.299432 0.846295 -0.190724 0.017213 0.040121 -0.249357 -0.114911 0.960733
1311868170.331325 0.842071 -0.196056 0.003107 0.038221 -0.245524 -0.118471 0.961364
1311868170.363400 0.858263 -0.187303 0.007538 0.039727 -0.248034 -0.119342 0.960551
1311868170.399421 0.859912 -0.186205 0.000760 0.038128 -0.246450 -0.122886 0.960577
1311868170.431288 0.853783 -0.181994 -0.008453 0.037421 -0.244043 -0.126020 0.960813
1311868170.463383 0.862129 -0.177879 -0.013167 0.036623 -0.246406 -0.129343 0.959799
1311868170.499476 0.847283 -0.170926 -0.016722 0.036091 -0.243150 -0.133461 0.960085
1311868170.531505 0.880820 -0.161536 -0.021327 0.037697 -0.248400 -0.131030 0.959014
1311868170.563345 0.887553 -0.162464 -0.036601 0.036416 -0.247594 -0.130784 0.959305
1311868170.599324 0.878453 -0.165376 -0.048438 0.033856 -0.243977 -0.133239 0.959988
1311868170.631485 0.885790 -0.162002 -0.050937 0.032390 -0.244327 -0.134032 0.959839
1311868170.663430 0.908434 -0.151938 -0.037210 0.033496 -0.248680 -0.131652 0.959012
1311868170.699432 0.901248 -0.159219 -0.061339 0.028220 -0.242844 -0.131715 0.960667
1311868170.731397 0.922559 -0.144251 -0.050535 0.029472 -0.247800 -0.129570 0.959655
1311868170.763453 0.936811 -0.144978 -0.057133 0.025967 -0.250254 -0.128639 0.959245
1311868170.799446 0.914382 -0.158850 -0.067807 0.020797 -0.245238 -0.130520 0.960412
1311868170.831309 0.935694 -0.145735 -0.053770 0.024052 -0.250822 -0.129160 0.959076
1311868170.863446 0.926702 -0.157726 -0.073110 0.019478 -0.246717 -0.130696 0.960036
1311868170.899435 0.954203 -0.149103 -0.058618 0.021369 -0.253030 -0.127750 0.958749
1311868170.931374 0.943805 -0.162709 -0.078062 0.018231 -0.247175 -0.129727 0.960075
1311868170.963440 0.939536 -0.158812 -0.056841 0.020754 -0.246932 -0.132905 0.959651
1311868170.999483 0.947913 -0.156398 -0.083423 0.024495 -0.243549 -0.133161 0.960391
1311868171.031493 0.954718 -0.148113 -0.085512 0.025659 -0.246353 -0.132387 0.959753
1311868171.063438 0.958653 -0.147681 -0.085423 0.023498 -0.249433 -0.134206 0.958760
1311868171.099448 0.976839 -0.138055 -0.073682 0.025070 -0.256206 -0.133795 0.956989
1311868171.131477 0.972677 -0.152922 -0.087794 0.019963 -0.254534 -0.135195 0.957359
1311868171.163447 0.982592 -0.147245 -0.087089 0.020938 -0.255813 -0.136024 0.956880
1311868171.199444 0.996597 -0.139729 -0.072096 0.023241 -0.259579 -0.135422 0.955897
1311868171.231391 0.994274 -0.151409 -0.085933 0.020486 -0.257624 -0.138486 0.956050
1311868171.263404 0.998671 -0.148605 -0.085054 0.020137 -0.258925 -0.139963 0.955491
1311868171.299368 1.003517 -0.147310 -0.087876 0.020452 -0.260542 -0.142571 0.954659
1311868171.331406 1.012113 -0.144187 -0.083857 0.020559 -0.263814 -0.143931 0.953553
1311868171.363479 1.028673 -0.132426 -0.070594 0.023548 -0.269714 -0.146109 0.951500
1311868171.399409 1.026003 -0.148051 -0.083085 0.019228 -0.268833 -0.151009 0.951081
1311868171.463459 1.037255 -0.144668 -0.083213 0.020193 -0.272356 -0.156519 0.949166
1311868171.499514 1.043276 -0.139896 -0.075854 0.019766 -0.275394 -0.158819 0.947916
1311868171.531471 1.053464 -0.151403 -0.055064 0.016969 -0.281491 -0.163016 0.945463
1311868171.563381 1.084862 -0.143875 -0.066673 0.019899 -0.284739 -0.164247 0.944220
1311868171.599490 1.084004 -0.151379 -0.075941 0.017304 -0.282914 -0.166899 0.944354
1311868171.631528 1.089906 -0.150910 -0.072342 0.016862 -0.283597 -0.168515 0.943870
1311868171.663411 1.101556 -0.153340 -0.068034 0.015354 -0.286805 -0.170018 0.942656
1311868171.699419 1.113814 -0.146270 -0.061347 0.016071 -0.289982 -0.172956 0.941137
1311868171.731499 1.123344 -0.152422 -0.063125 0.013211 -0.291375 -0.175682 0.940246
1311868171.763455 1.130905 -0.154704 -0.054457 0.011559 -0.292907 -0.177661 0.939419
1311868171.799464 1.140553 -0.145645 -0.050937 0.012287 -0.293903 -0.180100 0.938634
1311868171.831419 1.153609 -0.144724 -0.049842 0.010208 -0.294325 -0.182011 0.938158
1311868171.899575 1.152099 -0.143568 -0.022153 0.003651 -0.294640 -0.185049 0.937513
1311868171.931516 1.170187 -0.142130 -0.049314 0.001900 -0.293114 -0.186929 0.937624
1311868171.999580 1.190481 -0.141562 -0.046898 -0.002049 -0.295226 -0.189249 0.936495
1311868172.031533 1.199285 -0.143087 -0.039573 -0.003690 -0.295475 -0.190786 0.936099
1311868172.063426 1.202484 -0.139709 -0.037361 -0.004878 -0.295010 -0.190615 0.936275
1311868172.099529 1.208073 -0.138603 -0.036410 -0.007922 -0.295848 -0.190696 0.935973
1311868172.131546 1.232902 -0.147424 -0.031393 -0.012029 -0.300249 -0.190869 0.934492
1311868172.163558 1.226712 -0.134198 -0.031291 -0.012823 -0.297748 -0.190215 0.935414
1311868172.199781 1.235340 -0.141995 -0.013883 -0.016785 -0.299793 -0.191239 0.934489
1311868172.263475 1.256840 -0.143667 -0.009541 -0.020156 -0.301047 -0.193474 0.933559
1311868172.299544 1.241775 -0.135438 0.026578 -0.021749 -0.300751 -0.195145 0.933271
1311868172.363479 1.285625 -0.140077 -0.000047 -0.027460 -0.301827 -0.198230 0.932122
1311868172.399483 1.279738 -0.126382 0.003491 -0.027572 -0.299124 -0.199416 0.932737
1311868172.463477 1.289222 -0.128236 0.005729 -0.033271 -0.294113 -0.203889 0.933177
1311868172.499467 1.308990 -0.129725 0.019588 -0.035383 -0.295812 -0.206396 0.932011
1311868172.563601 1.310816 -0.130794 0.029502 -0.041668 -0.291697 -0.206990 0.932916
1311868172.599590 1.324188 -0.127461 0.037650 -0.043223 -0.292712 -0.208152 0.932268
1311868172.631587 1.319840 -0.124853 0.036485 -0.046529 -0.289003 -0.209165 0.933039
1311868172.663612 1.324919 -0.119354 0.039803 -0.049311 -0.287544 -0.207957 0.933617
1311868172.699619 1.340491 -0.127932 0.053598 -0.055118 -0.288137 -0.207938 0.933114
1311868172.763469 1.310990 -0.115230 0.105769 -0.065642 -0.282706 -0.207675 0.934152
1311868172.799623 1.340634 -0.111873 0.079103 -0.067832 -0.280428 -0.206317 0.934983
1311868172.863483 1.343017 -0.113675 0.097022 -0.075519 -0.277364 -0.209841 0.934523
1311868172.899539 1.342584 -0.110749 0.107197 -0.077810 -0.277359 -0.210403 0.934210
1311868172.931607 1.339930 -0.113744 0.114372 -0.080657 -0.276818 -0.212016 0.933764
1311868172.963571 1.340568 -0.112522 0.131818 -0.081696 -0.277842 -0.213208 0.933098
1311868172.999602 1.347692 -0.116460 0.138212 -0.082057 -0.279028 -0.214463 0.932424
1311868173.067546 1.369659 -0.128733 0.157955 -0.083583 -0.281579 -0.216465 0.931059
1311868173.099605 1.352916 -0.134285 0.165421 -0.085384 -0.276669 -0.217729 0.932072
1311868173.131499 1.320360 -0.128174 0.206398 -0.087289 -0.274597 -0.220499 0.931857
1311868173.167457 1.351203 -0.131852 0.183722 -0.085649 -0.276593 -0.220613 0.931392
1311868173.199628 1.343002 -0.140661 0.189750 -0.085901 -0.274805 -0.224388 0.930996
1311868173.231487 1.359346 -0.150313 0.196439 -0.083760 -0.279361 -0.226921 0.929219
1311868173.267665 1.353023 -0.156468 0.202988 -0.081887 -0.277413 -0.229312 0.929383
1311868173.299659 1.354036 -0.162054 0.207119 -0.080306 -0.276020 -0.227385 0.930408
1311868173.331533 1.354677 -0.160207 0.215932 -0.079763 -0.277390 -0.222882 0.931137
1311868173.367650 1.363260 -0.168040 0.221929 -0.080975 -0.280741 -0.222156 0.930201
1311868173.399596 1.359597 -0.168709 0.226080 -0.080182 -0.281103 -0.221963 0.930207
1311868173.431624 1.367634 -0.181030 0.234995 -0.081025 -0.284612 -0.222647 0.928902
1311868173.467604 1.364415 -0.179337 0.240979 -0.079078 -0.283604 -0.221899 0.929557
1311868173.531628 1.362523 -0.180654 0.246154 -0.077554 -0.282845 -0.218583 0.930702
1311868173.567616 1.336737 -0.181518 0.284718 -0.081153 -0.283992 -0.218857 0.929981
1311868173.631603 1.368215 -0.190611 0.272129 -0.081156 -0.287967 -0.217064 0.929178
1311868173.667986 1.376759 -0.194961 0.278730 -0.080978 -0.290921 -0.218071 0.928037
1311868173.699670 1.378873 -0.200542 0.288810 -0.082318 -0.294322 -0.216633 0.927183
1311868173.731607 1.379353 -0.202052 0.293464 -0.080961 -0.297204 -0.218296 0.925993
1311868173.767623 1.381568 -0.206456 0.294757 -0.080466 -0.300453 -0.220045 0.924572
1311868173.799549 1.385375 -0.214429 0.303938 -0.079443 -0.305187 -0.221706 0.922711
1311868173.831620 1.378626 -0.216037 0.312845 -0.077271 -0.308581 -0.221740 0.921758
1311868173.867507 1.387136 -0.223419 0.317894 -0.075006 -0.315588 -0.225726 0.918600
1311868173.931642 1.363534 -0.227337 0.348268 -0.071139 -0.323825 -0.234494 0.913832
1311868173.967631 1.410149 -0.245314 0.341858 -0.065700 -0.335083 -0.239326 0.908915
1311868173.999745 1.413856 -0.250053 0.352379 -0.061241 -0.341118 -0.244371 0.905633
1311868174.031740 1.426875 -0.266114 0.360318 -0.060150 -0.348247 -0.249373 0.901620
1311868174.067656 1.431430 -0.268647 0.363268 -0.057512 -0.352161 -0.251678 0.899630
1311868174.099508 1.430963 -0.265131 0.378759 -0.054546 -0.357295 -0.251853 0.897739
1311868174.131747 1.397010 -0.259797 0.384054 -0.055873 -0.353547 -0.254286 0.898455
1311868174.167874 1.445635 -0.279522 0.385346 -0.053190 -0.363407 -0.256560 0.894026
1311868174.231617 1.461290 -0.289018 0.399534 -0.048621 -0.368769 -0.258718 0.891465
1311868174.267791 1.470584 -0.308060 0.414718 -0.049780 -0.374017 -0.261505 0.888396
1311868174.299749 1.471023 -0.302593 0.415436 -0.046171 -0.374236 -0.262595 0.888178
1311868174.331790 1.476244 -0.302174 0.415964 -0.044698 -0.375853 -0.263668 0.887252
1311868174.367988 1.481896 -0.305822 0.429964 -0.044626 -0.380055 -0.264476 0.885223
1311868174.399743 1.486434 -0.309236 0.430180 -0.044393 -0.381880 -0.266094 0.883963
1311868174.431786 1.489850 -0.314318 0.434460 -0.044613 -0.383557 -0.267231 0.882883
1311868174.467566 1.483047 -0.309726 0.440159 -0.043352 -0.384290 -0.267827 0.882446
1311868174.499672 1.496854 -0.317755 0.440924 -0.044115 -0.389379 -0.268570 0.879948
1311868174.531708 1.455834 -0.308577 0.445402 -0.045567 -0.385470 -0.270018 0.881151
1311868174.567585 1.497041 -0.319447 0.442060 -0.043469 -0.393343 -0.269310 0.877989
1311868174.599662 1.502797 -0.326124 0.452347 -0.044911 -0.397597 -0.267506 0.876550
1311868174.631772 1.508351 -0.334157 0.459558 -0.045937 -0.400434 -0.266364 0.875553
1311868174.667800 1.506430 -0.331634 0.456879 -0.044668 -0.399846 -0.264269 0.876521
1311868174.699578 1.508629 -0.343575 0.471342 -0.046668 -0.404023 -0.261603 0.875301
1311868174.731625 1.501004 -0.346236 0.471531 -0.045179 -0.403824 -0.260978 0.875657
1311868174.767680 1.501051 -0.350634 0.478070 -0.042531 -0.406273 -0.259981 0.874954
1311868174.799810 1.505556 -0.353330 0.479738 -0.039050 -0.407597 -0.258440 0.874956
1311868174.831815 1.499478 -0.362124 0.490181 -0.038113 -0.409928 -0.256626 0.874443
1311868174.867798 1.501572 -0.378617 0.491693 -0.037683 -0.411664 -0.256847 0.873580
1311868174.899678 1.497622 -0.375683 0.489485 -0.032597 -0.410318 -0.255602 0.874782
1311868174.931819 1.507328 -0.391374 0.506477 -0.031611 -0.414039 -0.254138 0.873491
1311868174.967694 1.489406 -0.381047 0.496066 -0.024887 -0.407764 -0.252015 0.877267
1311868174.999803 1.492149 -0.396021 0.505737 -0.025601 -0.410605 -0.249842 0.876543
1311868175.031665 1.450115 -0.385794 0.506177 -0.021225 -0.404015 -0.251348 0.879287
1311868175.067713 1.469513 -0.396919 0.501644 -0.016595 -0.405721 -0.250646 0.878801
1311868175.099631 1.469771 -0.405705 0.510741 -0.014863 -0.407638 -0.249844 0.878173
1311868175.131719 1.460916 -0.413866 0.510039 -0.011991 -0.406985 -0.250214 0.878415
1311868175.167807 1.453358 -0.425757 0.505513 -0.006959 -0.406965 -0.251789 0.878028
1311868175.199578 1.461264 -0.441981 0.517562 0.000434 -0.412350 -0.250672 0.875860
1311868175.231818 1.443459 -0.451251 0.513504 0.012236 -0.410227 -0.250729 0.876755
1311868175.267750 1.413525 -0.445316 0.522502 0.023743 -0.408223 -0.248249 0.878159
1311868175.299978 1.429254 -0.447197 0.521265 0.031372 -0.411823 -0.240917 0.878280
1311868175.331887 1.432041 -0.445088 0.531435 0.033019 -0.417846 -0.232634 0.877608
1311868175.367738 1.426190 -0.453012 0.537869 0.030343 -0.422625 -0.227399 0.876788
1311868175.400048 1.432016 -0.451965 0.540967 0.032736 -0.426807 -0.222550 0.875920
1311868175.431994 1.421640 -0.475434 0.550942 0.030104 -0.429832 -0.220414 0.875075
1311868175.467702 1.419961 -0.472720 0.557632 0.035939 -0.431216 -0.216239 0.875216
1311868175.499770 1.396849 -0.478842 0.567760 0.039534 -0.430988 -0.214610 0.875574
1311868175.531778 1.414179 -0.467284 0.571182 0.047086 -0.433260 -0.206225 0.876093
1311868175.567800 1.413462 -0.465338 0.573483 0.049401 -0.435386 -0.202020 0.875892
1311868175.599867 1.409929 -0.471103 0.576878 0.048687 -0.438588 -0.200111 0.874772
1311868175.631778 1.408879 -0.490352 0.583116 0.046213 -0.442584 -0.201320 0.872613
1311868175.667696 1.412662 -0.481782 0.596550 0.052792 -0.445705 -0.198031 0.871404
1311868175.699784 1.409476 -0.487830 0.601891 0.056273 -0.446350 -0.197197 0.871044
1311868175.731708 1.413958 -0.491891 0.603906 0.059490 -0.447654 -0.196489 0.870321
1311868175.767584 1.414951 -0.494189 0.607929 0.062427 -0.450067 -0.196447 0.868879
1311868175.799815 1.412416 -0.500038 0.617306 0.064589 -0.453214 -0.196086 0.867165
1311868175.831761 1.413855 -0.502012 0.620657 0.065901 -0.456441 -0.196073 0.865375
1311868175.867687 1.422565 -0.512727 0.625674 0.065892 -0.461698 -0.196295 0.862532
1311868175.899663 1.400780 -0.533290 0.631632 0.063910 -0.463983 -0.202614 0.859990
1311868175.931644 1.417682 -0.511225 0.634387 0.071788 -0.465891 -0.197222 0.859590
1311868175.967871 1.418812 -0.518315 0.637916 0.072517 -0.469094 -0.199959 0.857151
1311868175.999870 1.428606 -0.535013 0.646241 0.070369 -0.475587 -0.202565 0.853131
1311868176.032043 1.428097 -0.525701 0.656941 0.073663 -0.479932 -0.204271 0.850008
1311868176.067949 1.433369 -0.533531 0.655897 0.074046 -0.483253 -0.209985 0.846694
1311868176.099801 1.444251 -0.535981 0.665114 0.075976 -0.488486 -0.214509 0.842375
1311868176.131691 1.446211 -0.548709 0.677122 0.075328 -0.492962 -0.219812 0.838449
1311868176.167963 1.438735 -0.574352 0.687261 0.071100 -0.498884 -0.228626 0.832940
1311868176.199892 1.472712 -0.560935 0.696093 0.077280 -0.501935 -0.227271 0.830925
1311868176.231937 1.476177 -0.565098 0.708749 0.075724 -0.504984 -0.229227 0.828681
1311868176.267779 1.484813 -0.570537 0.720103 0.072724 -0.508433 -0.231222 0.826283
1311868176.299834 1.489044 -0.574584 0.730369 0.070728 -0.510669 -0.233971 0.824301
1311868176.331871 1.499995 -0.580635 0.743383 0.069144 -0.513089 -0.237077 0.822042
1311868176.367752 1.504819 -0.581865 0.754203 0.067893 -0.513541 -0.240331 0.820918
1311868176.399921 1.484098 -0.596613 0.758059 0.059111 -0.514213 -0.245750 0.819572
1311868176.431678 1.522628 -0.586726 0.761726 0.060266 -0.515084 -0.244971 0.819174
1311868176.467865 1.530128 -0.586718 0.771083 0.056352 -0.515907 -0.247018 0.818319
1311868176.499760 1.531639 -0.589068 0.783470 0.052376 -0.516224 -0.248128 0.818048
1311868176.531915 1.531934 -0.590875 0.791926 0.049152 -0.516223 -0.249916 0.817704
1311868176.567758 1.529882 -0.591019 0.803260 0.047790 -0.516605 -0.252607 0.816716
1311868176.602124 1.549513 -0.593923 0.808541 0.046276 -0.518708 -0.252711 0.815437
1311868176.631719 1.551051 -0.592804 0.816021 0.044850 -0.519303 -0.254517 0.814576
1311868176.667782 1.550363 -0.592842 0.824015 0.041299 -0.520322 -0.253807 0.814335
1311868176.699787 1.563604 -0.604016 0.835955 0.036974 -0.523549 -0.252764 0.812797
1311868176.731819 1.552161 -0.603883 0.834109 0.035642 -0.521681 -0.255297 0.813266
1311868176.767814 1.550755 -0.607017 0.842258 0.035252 -0.521794 -0.255268 0.813220
1311868176.799720 1.555540 -0.608936 0.842604 0.037170 -0.522218 -0.256206 0.812567
1311868176.831887 1.522405 -0.621816 0.851277 0.031061 -0.522331 -0.258130 0.812142
1311868176.867790 1.565382 -0.630820 0.861350 0.031251 -0.526683 -0.255507 0.810151
1311868176.899837 1.565134 -0.618503 0.854433 0.033184 -0.523243 -0.255801 0.812208
1311868176.931762 1.562307 -0.623188 0.865257 0.031985 -0.522732 -0.255712 0.812613
1311868176.967856 1.562885 -0.633027 0.871340 0.030025 -0.522314 -0.256585 0.812681
1311868176.999907 1.565221 -0.625691 0.871804 0.033166 -0.521091 -0.257833 0.812949
1311868177.031966 1.559842 -0.636809 0.883308 0.029907 -0.521924 -0.259848 0.811899
1311868177.067892 1.564613 -0.641118 0.904390 0.027830 -0.525920 -0.259562 0.809482
1311868177.099730 1.558313 -0.630316 0.889384 0.029985 -0.520797 -0.262840 0.811657
1311868177.131895 1.557746 -0.635863 0.895129 0.030009 -0.519828 -0.265412 0.811440
1311868177.168091 1.555183 -0.638974 0.901971 0.031425 -0.517951 -0.266688 0.812168
1311868177.199869 1.554757 -0.644375 0.904120 0.033458 -0.515865 -0.269604 0.812451
1311868177.231903 1.543582 -0.656392 0.931452 0.032539 -0.517604 -0.270107 0.811215
1311868177.267807 1.542893 -0.649228 0.923809 0.035364 -0.514180 -0.271610 0.812771
1311868177.299871 1.496479 -0.657185 0.936340 0.027779 -0.512643 -0.273869 0.813278
1311868177.331730 1.524755 -0.676463 0.951691 0.024549 -0.518844 -0.273623 0.809524
1311868177.367900 1.519779 -0.686966 0.958241 0.022426 -0.519619 -0.275527 0.808442
1311868177.399987 1.518420 -0.683740 0.962371 0.026662 -0.518573 -0.276376 0.808695
1311868177.431827 1.513865 -0.664295 0.956233 0.035482 -0.513418 -0.275826 0.811827
1311868177.467848 1.514175 -0.696777 0.980104 0.028740 -0.517002 -0.276422 0.809614
1311868177.499762 1.512368 -0.694266 0.985256 0.027366 -0.515487 -0.274901 0.811144
1311868177.531751 1.510251 -0.661085 0.981631 0.030617 -0.512059 -0.272120 0.814131
1311868177.567851 1.509026 -0.691335 1.003653 0.017526 -0.516840 -0.276429 0.810034
1311868177.599732 1.507808 -0.694604 1.014503 0.013653 -0.517846 -0.278746 0.808672
1311868177.632083 1.508680 -0.692456 1.028853 0.013744 -0.518969 -0.280513 0.807338
1311868177.667866 1.507307 -0.704052 1.029802 0.011347 -0.517012 -0.285145 0.807008
1311868177.699913 1.474052 -0.682083 1.027631 0.014609 -0.510514 -0.287385 0.810291
1311868177.731996 1.506339 -0.693202 1.041970 0.012862 -0.516170 -0.286575 0.807018
1311868177.767937 1.503280 -0.700373 1.043536 0.008194 -0.516881 -0.288531 0.805926
1311868177.799899 1.503978 -0.702412 1.051013 0.005734 -0.520629 -0.288543 0.803527
1311868177.832005 1.507140 -0.701482 1.061661 0.005199 -0.526384 -0.289396 0.799464
1311868177.867810 1.507008 -0.700540 1.068726 0.005410 -0.530025 -0.291580 0.796257
1311868177.899856 1.510106 -0.709124 1.079890 0.003356 -0.534717 -0.293978 0.792239
1311868177.931937 1.513358 -0.709910 1.086303 0.003975 -0.537721 -0.296799 0.789145
1311868177.967919 1.518780 -0.703729 1.093942 0.006019 -0.541491 -0.298774 0.785803
1311868178.000124 1.520763 -0.715349 1.101420 0.003954 -0.545764 -0.303749 0.780937
1311868178.031988 1.496526 -0.695383 1.087801 0.005134 -0.543369 -0.307675 0.781063
1311868178.068015 1.529258 -0.715491 1.110931 0.000955 -0.554387 -0.309574 0.772540
1311868178.100039 1.533152 -0.723386 1.116725 -0.001734 -0.559258 -0.314963 0.766828
1311868178.131987 1.539455 -0.729276 1.126463 -0.001884 -0.564614 -0.319471 0.761016
1311868178.167955 1.543780 -0.732471 1.138525 -0.000424 -0.568671 -0.323010 0.756490
1311868178.199855 1.551047 -0.737492 1.146634 0.000238 -0.570893 -0.325419 0.753780
1311868178.231966 1.559284 -0.750089 1.162304 0.001499 -0.573932 -0.328158 0.750275
1311868178.267968 1.568397 -0.741558 1.160022 0.007688 -0.571445 -0.329810 0.751410
1311868178.299815 1.534673 -0.717461 1.155135 0.012575 -0.566009 -0.332417 0.754304
1311868178.332180 1.573619 -0.747198 1.172390 0.009505 -0.572980 -0.334177 0.748284
1311868178.367989 1.580094 -0.735506 1.179742 0.010337 -0.576129 -0.334069 0.745900
1311868178.400074 1.585195 -0.746346 1.187324 0.003780 -0.580354 -0.336354 0.741647
1311868178.432167 1.589268 -0.746713 1.186382 0.000134 -0.582239 -0.337242 0.739774
1311868178.467895 1.594296 -0.746829 1.194170 -0.002874 -0.586283 -0.336823 0.736760
1311868178.500102 1.603486 -0.741160 1.200278 -0.004809 -0.589554 -0.336041 0.734493
1311868178.531933 1.600785 -0.748283 1.200695 -0.009484 -0.590803 -0.336363 0.733295
1311868178.567928 1.611420 -0.749284 1.207867 -0.010824 -0.594348 -0.334814 0.731118
1311868178.600064 1.617399 -0.747635 1.197077 -0.011012 -0.593246 -0.335938 0.731494
1311868178.632030 1.624562 -0.746574 1.210269 -0.011242 -0.596692 -0.334451 0.729366
1311868178.668047 1.633541 -0.740461 1.210474 -0.010807 -0.598378 -0.333196 0.728565
1311868178.699917 1.600853 -0.720274 1.195087 -0.013084 -0.594736 -0.334398 0.730956
1311868178.731905 1.643661 -0.747347 1.205195 -0.015840 -0.599451 -0.335192 0.726673
1311868178.767938 1.652758 -0.747619 1.204945 -0.016460 -0.600270 -0.334765 0.726180
1311868178.799974 1.661367 -0.747440 1.203614 -0.016313 -0.600853 -0.334517 0.725815
1311868178.831967 1.671902 -0.745675 1.204028 -0.016625 -0.601594 -0.334122 0.725376
1311868178.867919 1.680953 -0.741616 1.204157 -0.018370 -0.601987 -0.332232 0.725876
1311868178.900038 1.690458 -0.740195 1.193245 -0.019722 -0.599979 -0.333012 0.727144
1311868178.932267 1.697926 -0.744437 1.209068 -0.021468 -0.603826 -0.331610 0.724547
1311868178.967934 1.711862 -0.745118 1.196293 -0.019947 -0.601673 -0.333830 0.725361
1311868179.000009 1.722412 -0.745650 1.208339 -0.020054 -0.603547 -0.331962 0.724659
1311868179.032182 1.693506 -0.713817 1.184396 -0.017427 -0.595234 -0.332171 0.731475
1311868179.067847 1.737809 -0.734677 1.186202 -0.020397 -0.596607 -0.331185 0.730726
1311868179.100093 1.751525 -0.730576 1.180651 -0.022689 -0.595817 -0.330431 0.731644
1311868179.132026 1.765043 -0.732843 1.179028 -0.025741 -0.597059 -0.331901 0.729863
1311868179.167985 1.772255 -0.732325 1.173078 -0.025579 -0.597072 -0.334728 0.728566
1311868179.200163 1.783722 -0.733256 1.173917 -0.022216 -0.597405 -0.337056 0.727328
1311868179.232011 1.800601 -0.721649 1.168092 -0.017108 -0.594926 -0.338344 0.728899
1311868179.268108 1.818265 -0.729345 1.191392 -0.020458 -0.596936 -0.337050 0.727768
1311868179.300467 1.823848 -0.722841 1.173458 -0.024941 -0.589905 -0.336844 0.733435
1311868179.333050 1.791997 -0.702521 1.164827 -0.031047 -0.584586 -0.337620 0.737094
1311868179.368133 1.833138 -0.717599 1.154061 -0.035031 -0.585470 -0.338441 0.735836
1311868179.400093 1.839779 -0.720380 1.151599 -0.038062 -0.585071 -0.341557 0.734563
1311868179.432203 1.850220 -0.723980 1.157716 -0.040389 -0.585032 -0.342553 0.734006
1311868179.467999 1.861347 -0.722073 1.153420 -0.039231 -0.580847 -0.344227 0.736604
1311868179.500080 1.865876 -0.725727 1.156793 -0.039517 -0.577753 -0.344691 0.738801
1311868179.532184 1.875929 -0.713399 1.160767 -0.037729 -0.575783 -0.342956 0.741237
1311868179.567958 1.884583 -0.715737 1.156875 -0.040545 -0.573120 -0.344223 0.742564
1311868179.600201 1.896487 -0.715426 1.164619 -0.043291 -0.573623 -0.344018 0.742114
1311868179.632001 1.908345 -0.723549 1.168684 -0.046293 -0.572719 -0.345454 0.741964
1311868179.668182 1.917287 -0.715762 1.171621 -0.044775 -0.570910 -0.345686 0.743343
1311868179.700151 1.923969 -0.723415 1.178000 -0.045919 -0.569815 -0.346456 0.743754
1311868179.732177 1.897469 -0.707078 1.188643 -0.046287 -0.566495 -0.348346 0.745383
1311868179.768285 1.936023 -0.717014 1.172823 -0.045646 -0.565184 -0.346567 0.747245
1311868179.800056 1.941333 -0.715412 1.175720 -0.046114 -0.565126 -0.346197 0.747431
1311868179.832089 1.956088 -0.724210 1.187235 -0.047122 -0.567867 -0.348010 0.744443
1311868179.867839 1.953241 -0.717506 1.179134 -0.046751 -0.566041 -0.349158 0.745319
1311868179.899932 1.962094 -0.722256 1.180676 -0.046864 -0.567175 -0.350847 0.743655
1311868179.932050 1.971008 -0.721243 1.197144 -0.045939 -0.570821 -0.350805 0.740938
1311868179.968012 1.984278 -0.730899 1.198641 -0.046160 -0.572455 -0.353031 0.738602
1311868179.999962 1.986783 -0.730315 1.197552 -0.045203 -0.573667 -0.355045 0.736754
1311868180.031945 1.995945 -0.735682 1.209010 -0.045912 -0.578331 -0.356191 0.732498
1311868180.068076 2.004149 -0.735445 1.219407 -0.045113 -0.581436 -0.357851 0.729274
1311868180.100092 2.004918 -0.733763 1.222984 -0.046381 -0.581659 -0.358200 0.728845
1311868180.131924 1.984680 -0.730947 1.243093 -0.050410 -0.582778 -0.360618 0.726487
1311868180.168096 2.021775 -0.746543 1.237774 -0.052027 -0.584957 -0.358914 0.725465
1311868180.200023 2.028683 -0.750103 1.239994 -0.053772 -0.585678 -0.359373 0.724528
1311868180.232155 2.034402 -0.748348 1.247205 -0.054541 -0.587313 -0.359455 0.723105
1311868180.268004 2.044264 -0.752198 1.256519 -0.056264 -0.589674 -0.359994 0.720780
1311868180.299978 2.052200 -0.752660 1.261453 -0.057355 -0.591047 -0.360680 0.719224
1311868180.331912 2.053123 -0.754872 1.260264 -0.060011 -0.591370 -0.361904 0.718126
1311868180.368101 2.065765 -0.755288 1.274293 -0.060824 -0.595127 -0.362308 0.714743
1311868180.400081 2.066400 -0.757340 1.267786 -0.062689 -0.594161 -0.364454 0.714294
1311868180.432000 2.074433 -0.753528 1.281793 -0.063339 -0.597698 -0.364348 0.711334
1311868180.468133 2.082811 -0.755403 1.291362 -0.065383 -0.600037 -0.365678 0.708491
1311868180.500082 2.081150 -0.760134 1.284565 -0.069384 -0.598877 -0.367149 0.708332
1311868180.531936 2.091617 -0.758043 1.299394 -0.070108 -0.602087 -0.367390 0.705408
1311868180.568027 2.090993 -0.768365 1.297479 -0.072952 -0.601747 -0.370112 0.703985
1311868180.600047 2.061360 -0.750048 1.329499 -0.072685 -0.603757 -0.373217 0.700646
1311868180.632105 2.104412 -0.767565 1.329236 -0.071770 -0.606513 -0.370639 0.699727
1311868180.668185 2.105176 -0.762485 1.325127 -0.072085 -0.604742 -0.370888 0.701094
1311868180.700174 2.106048 -0.763404 1.329480 -0.073096 -0.604793 -0.370548 0.701126
1311868180.732090 2.111183 -0.771239 1.329160 -0.074992 -0.604534 -0.370998 0.700910
1311868180.768172 2.109960 -0.771010 1.334726 -0.074349 -0.604277 -0.370944 0.701229
1311868180.800199 2.113331 -0.776997 1.336801 -0.074372 -0.604185 -0.370744 0.701412
1311868180.832010 2.116128 -0.781279 1.341154 -0.073774 -0.603888 -0.370673 0.701768
1311868180.867980 2.116569 -0.781238 1.347140 -0.072414 -0.603618 -0.369327 0.702851
1311868180.899974 2.121945 -0.786231 1.354083 -0.072108 -0.603793 -0.368235 0.703305
1311868180.932135 2.126521 -0.792088 1.357918 -0.072585 -0.602767 -0.367158 0.704697
1311868180.968026 2.126323 -0.792518 1.356856 -0.072291 -0.601222 -0.365270 0.707025
1311868181.000013 2.123509 -0.793984 1.366407 -0.071919 -0.601958 -0.363717 0.707237
1311868181.032168 2.123995 -0.792345 1.374401 -0.070495 -0.602117 -0.362536 0.707851
1311868181.068183 2.123765 -0.801779 1.370595 -0.071425 -0.599826 -0.362397 0.709772
1311868181.100120 2.125284 -0.802070 1.384469 -0.070292 -0.600440 -0.360664 0.710248
1311868181.132035 2.122087 -0.803271 1.379379 -0.069684 -0.597365 -0.361484 0.712480
1311868181.168020 2.123012 -0.802789 1.393621 -0.069395 -0.599019 -0.359783 0.711981
1311868181.200040 2.118760 -0.799658 1.387114 -0.068609 -0.596350 -0.360563 0.713901
1311868181.232080 2.121307 -0.810139 1.389754 -0.070424 -0.596106 -0.361476 0.713465
1311868181.268006 2.119749 -0.810306 1.394344 -0.070701 -0.595604 -0.362327 0.713426
1311868181.300111 2.116796 -0.807982 1.400778 -0.070735 -0.595522 -0.362456 0.713426
1311868181.332051 2.110245 -0.806376 1.398569 -0.069695 -0.593426 -0.364138 0.714417
1311868181.367997 2.074032 -0.794605 1.416042 -0.069914 -0.591922 -0.368319 0.713500
1311868181.400094 2.108884 -0.810583 1.422176 -0.067959 -0.595177 -0.365416 0.712473
1311868181.432419 2.109085 -0.819260 1.432042 -0.069496 -0.595912 -0.365046 0.711899
1311868181.468024 2.101005 -0.810008 1.420451 -0.069175 -0.592603 -0.364431 0.715001
1311868181.500288 2.097978 -0.810884 1.423097 -0.070715 -0.592659 -0.364328 0.714857
1311868181.532183 2.089331 -0.814878 1.429912 -0.072329 -0.592755 -0.365676 0.713926
1311868181.568153 2.083529 -0.818219 1.429944 -0.072228 -0.591496 -0.367029 0.714287
1311868181.600115 2.080298 -0.817087 1.441542 -0.070732 -0.592895 -0.366902 0.713341
1311868181.632435 2.071405 -0.821424 1.437004 -0.070547 -0.590730 -0.368207 0.714482
1311868181.668011 2.063097 -0.814295 1.445384 -0.069380 -0.591197 -0.366553 0.715060
1311868181.700024 2.061754 -0.821853 1.442710 -0.071966 -0.590348 -0.365690 0.715948
1311868181.732563 2.051154 -0.817167 1.447318 -0.072011 -0.590792 -0.363453 0.716715
1311868181.768063 2.036898 -0.827769 1.462990 -0.074952 -0.593697 -0.363567 0.713950
1311868181.800057 2.035087 -0.825406 1.455347 -0.072034 -0.591597 -0.364319 0.715609
1311868181.832157 1.980380 -0.814158 1.452985 -0.072538 -0.586295 -0.367154 0.718467
1311868181.868146 2.003404 -0.824549 1.454256 -0.068967 -0.589008 -0.363969 0.718220
1311868181.900215 1.996281 -0.825107 1.464889 -0.067703 -0.589729 -0.364149 0.717657
1311868181.932068 1.984695 -0.822404 1.460264 -0.066241 -0.587228 -0.364047 0.719892
1311868181.968208 1.971442 -0.830826 1.457115 -0.067410 -0.585530 -0.364846 0.720762
1311868182.000232 1.963379 -0.834055 1.467955 -0.065782 -0.587426 -0.364665 0.719461
1311868182.032194 1.952215 -0.839989 1.469044 -0.065012 -0.587955 -0.364228 0.719319
1311868182.068176 1.941288 -0.834053 1.459561 -0.062899 -0.586837 -0.363097 0.720990
1311868182.100226 1.929372 -0.843079 1.477070 -0.064299 -0.590275 -0.361929 0.718644
1311868182.136196 1.882774 -0.832393 1.471928 -0.065586 -0.585460 -0.364091 0.721369
1311868182.168077 1.905414 -0.840567 1.469793 -0.064165 -0.587094 -0.359097 0.722671
1311868182.200278 1.900217 -0.837768 1.470977 -0.063380 -0.586472 -0.357877 0.723850
1311868182.236167 1.884366 -0.840420 1.480790 -0.063897 -0.587444 -0.357054 0.723422
1311868182.268066 1.882442 -0.844781 1.487293 -0.063908 -0.588474 -0.355597 0.723301
1311868182.300234 1.870060 -0.845601 1.484409 -0.063411 -0.586423 -0.356732 0.724451
1311868182.336153 1.863847 -0.844013 1.483308 -0.064069 -0.584619 -0.355347 0.726529
1311868182.368183 1.847742 -0.846952 1.493174 -0.066064 -0.584494 -0.354626 0.726803
1311868182.400284 1.847066 -0.838816 1.491936 -0.064437 -0.583463 -0.353602 0.728275
1311868182.436053 1.836963 -0.854930 1.505010 -0.066742 -0.585817 -0.354569 0.725703
1311868182.468090 1.787452 -0.849821 1.508562 -0.067474 -0.583025 -0.357775 0.726310
1311868182.500921 1.814790 -0.861291 1.497483 -0.063985 -0.584024 -0.353676 0.727829
1311868182.536127 1.805883 -0.863876 1.498266 -0.061613 -0.585582 -0.351407 0.727881
1311868182.568033 1.793273 -0.870079 1.512144 -0.060095 -0.590057 -0.349867 0.725131
1311868182.600295 1.780567 -0.882080 1.511588 -0.058955 -0.591927 -0.349342 0.723953
1311868182.636312 1.767645 -0.883092 1.525445 -0.055834 -0.597423 -0.345928 0.721319
1311868182.668039 1.761740 -0.889563 1.513862 -0.052237 -0.598622 -0.345370 0.720862
1311868182.700341 1.742479 -0.894691 1.522077 -0.049151 -0.602657 -0.344504 0.718126
1311868182.736220 1.702496 -0.891608 1.536560 -0.046736 -0.606939 -0.343850 0.714988
1311868182.768253 1.721314 -0.903394 1.531400 -0.041916 -0.611976 -0.342821 0.711479
1311868182.800181 1.708229 -0.916810 1.539388 -0.041940 -0.617122 -0.344912 0.706001
1311868182.836155 1.697266 -0.922927 1.551081 -0.040530 -0.622629 -0.344227 0.701568
1311868182.868215 1.687125 -0.917425 1.553580 -0.036906 -0.626542 -0.344097 0.698341
1311868182.900229 1.672452 -0.921372 1.558603 -0.034759 -0.630780 -0.346680 0.693341
1311868182.936274 1.656221 -0.940313 1.567322 -0.035458 -0.636296 -0.350870 0.686120
1311868182.968092 1.623703 -0.924206 1.580557 -0.029420 -0.640945 -0.351947 0.681511
1311868183.000259 1.631579 -0.943444 1.583751 -0.026996 -0.644938 -0.353531 0.677010
1311868183.036254 1.618158 -0.958163 1.589054 -0.025624 -0.647530 -0.356236 0.673161
1311868183.068333 1.604385 -0.964183 1.593856 -0.023116 -0.650631 -0.356701 0.670006
1311868183.100611 1.593857 -0.968410 1.592204 -0.019548 -0.653357 -0.358260 0.666628
1311868183.136176 1.580375 -0.984611 1.611727 -0.017242 -0.660368 -0.361752 0.657839
1311868183.168211 1.568416 -0.984742 1.603688 -0.010885 -0.661737 -0.365450 0.654547
1311868183.200276 1.534420 -0.982442 1.618569 -0.006501 -0.666549 -0.368376 0.648051
1311868183.236295 1.542812 -1.001947 1.615998 -0.004820 -0.668286 -0.372541 0.643882
1311868183.268380 1.530123 -1.000005 1.620241 -0.001234 -0.670304 -0.375142 0.640281
1311868183.300363 1.520436 -1.007017 1.618996 0.000176 -0.672359 -0.377501 0.636730
1311868183.336308 1.505671 -1.008299 1.627632 0.002868 -0.677115 -0.379444 0.630499
1311868183.368469 1.496984 -1.017196 1.627916 0.005232 -0.680610 -0.383387 0.624305
1311868183.400232 1.488160 -1.018053 1.628234 0.008445 -0.683499 -0.384236 0.620581
1311868183.436153 1.460993 -1.011225 1.639768 0.007967 -0.688205 -0.383563 0.615784
1311868183.468217 1.469858 -1.018887 1.645605 0.003313 -0.692198 -0.380790 0.613066
1311868183.500255 1.464769 -1.016560 1.629197 -0.001494 -0.693387 -0.380539 0.611884
1311868183.536275 1.457367 -1.024443 1.637492 -0.009847 -0.699741 -0.380204 0.604740
1311868183.568369 1.447667 -1.031872 1.637343 -0.018535 -0.703452 -0.381105 0.599642
1311868183.600217 1.433446 -1.034797 1.644893 -0.024132 -0.707995 -0.378853 0.595510
1311868183.636216 1.404865 -1.030191 1.655374 -0.029178 -0.712011 -0.378349 0.590797
1311868183.668587 1.410172 -1.051821 1.652472 -0.034154 -0.711054 -0.379037 0.591241
1311868183.700230 1.398046 -1.053466 1.659155 -0.036260 -0.711999 -0.376273 0.591744
1311868183.736414 1.387041 -1.062212 1.661699 -0.037248 -0.710995 -0.377405 0.592169
1311868183.768221 1.376445 -1.059001 1.657845 -0.034605 -0.708905 -0.378098 0.594389
1311868183.800370 1.368374 -1.060610 1.656908 -0.034106 -0.707823 -0.379620 0.594737
1311868183.836230 1.358591 -1.064776 1.655833 -0.035195 -0.707359 -0.382147 0.593606
1311868183.868506 1.351622 -1.064402 1.657993 -0.036378 -0.708174 -0.382105 0.592589
1311868183.900249 1.341065 -1.066781 1.656905 -0.037191 -0.707711 -0.383940 0.591905
1311868183.936316 1.308090 -1.058763 1.665932 -0.038509 -0.709006 -0.384383 0.589981
1311868183.968498 1.319385 -1.074011 1.649687 -0.032674 -0.705029 -0.388284 0.592539
1311868184.000440 1.301084 -1.083142 1.659759 -0.029755 -0.706663 -0.386350 0.592010
1311868184.036316 1.294960 -1.086508 1.653550 -0.023735 -0.704605 -0.383953 0.596279
1311868184.070267 1.285203 -1.085121 1.654577 -0.020900 -0.704396 -0.378527 0.600089
1311868184.100684 1.276413 -1.089024 1.648134 -0.019519 -0.703463 -0.376750 0.602344
1311868184.136827 1.263045 -1.092876 1.651482 -0.020667 -0.704935 -0.373732 0.602465
1311868184.169015 1.252136 -1.094566 1.658202 -0.019580 -0.707349 -0.370498 0.601668
1311868184.200464 1.248043 -1.098846 1.653410 -0.018424 -0.707064 -0.368497 0.603266
1311868184.236434 1.237150 -1.093566 1.671945 -0.017705 -0.709783 -0.363240 0.603284
1311868184.268504 1.229843 -1.101568 1.662597 -0.017236 -0.706153 -0.365062 0.606449
1311868184.300643 1.192673 -1.096113 1.677552 -0.019811 -0.707466 -0.364936 0.604914
1311868184.336293 1.209266 -1.107228 1.666780 -0.017050 -0.704680 -0.368074 0.606347
1311868184.368210 1.198583 -1.103633 1.678817 -0.015976 -0.707596 -0.367106 0.603561
1311868184.400303 1.190852 -1.104347 1.689027 -0.017149 -0.710597 -0.365585 0.600921
1311868184.436272 1.184119 -1.103435 1.686086 -0.016215 -0.710812 -0.365375 0.600820
1311868184.468412 1.174904 -1.111445 1.691370 -0.016303 -0.712964 -0.364271 0.598935
1311868184.500438 1.159811 -1.114548 1.688014 -0.014600 -0.713568 -0.363746 0.598579
1311868184.536326 1.148231 -1.114916 1.708160 -0.014396 -0.719237 -0.359165 0.594551
1311868184.568437 1.149957 -1.110581 1.702953 -0.013030 -0.719604 -0.356456 0.595768
1311868184.600381 1.134033 -1.120378 1.717025 -0.017322 -0.724843 -0.356428 0.589290
1311868184.636350 1.136875 -1.112806 1.701849 -0.015066 -0.724984 -0.355893 0.589500
1311868184.668352 1.080216 -1.119480 1.722254 -0.022666 -0.732648 -0.358816 0.577896
1311868184.700710 1.094889 -1.128196 1.726132 -0.018359 -0.736999 -0.357922 0.573051
1311868184.736501 1.085442 -1.135339 1.730195 -0.016000 -0.740919 -0.359317 0.567163
1311868184.768456 1.071553 -1.148235 1.740727 -0.015028 -0.745644 -0.359288 0.560983
1311868184.800366 1.057477 -1.156553 1.758706 -0.012453 -0.751927 -0.357037 0.554053
1311868184.836324 1.047757 -1.163974 1.761236 -0.008995 -0.755513 -0.356500 0.549569
1311868184.868735 1.037236 -1.169415 1.754394 -0.006855 -0.756604 -0.357377 0.547527
1311868184.900445 1.008533 -1.157889 1.750907 -0.004264 -0.759085 -0.358128 0.543614
1311868184.936308 1.016240 -1.181234 1.771740 -0.003945 -0.764227 -0.357369 0.536869
1311868184.968436 1.009967 -1.184926 1.764810 -0.000877 -0.764104 -0.358918 0.536024
1311868185.000422 0.999796 -1.191658 1.779193 0.001083 -0.768101 -0.359089 0.530164
1311868185.036432 0.987652 -1.197162 1.782560 0.002793 -0.769277 -0.361374 0.526891
1311868185.068440 0.987368 -1.195853 1.774214 0.008591 -0.768880 -0.362872 0.526377
1311868185.100898 0.970952 -1.200953 1.791666 0.007777 -0.773431 -0.363559 0.519201
1311868185.136538 0.963161 -1.204216 1.795943 0.006956 -0.774903 -0.364316 0.516479
1311868185.168559 0.956003 -1.207419 1.790944 0.005394 -0.775459 -0.364266 0.515698
1311868185.200754 0.946054 -1.211268 1.799538 0.003901 -0.778933 -0.363159 0.511238
1311868185.236390 0.924226 -1.191865 1.779940 0.006204 -0.777512 -0.364835 0.512184
1311868185.268543 0.923041 -1.219280 1.800051 0.004187 -0.781344 -0.361847 0.508479
1311868185.300484 0.915960 -1.221313 1.800363 0.007632 -0.783051 -0.359001 0.507830
1311868185.337903 0.908317 -1.219486 1.803425 0.010545 -0.784876 -0.355344 0.507533
1311868185.368510 0.908388 -1.227169 1.806600 0.011014 -0.786055 -0.352906 0.507399
1311868185.401199 0.898163 -1.226810 1.809361 0.010760 -0.786066 -0.350418 0.509109
1311868185.436438 0.891784 -1.223204 1.809797 0.011033 -0.785042 -0.346952 0.513041
1311868185.468575 0.886885 -1.233451 1.817006 0.011081 -0.785274 -0.346203 0.513191
1311868185.500443 0.869663 -1.228943 1.815538 0.016093 -0.783564 -0.344719 0.516659
1311868185.536414 0.867667 -1.230405 1.821174 0.021463 -0.783237 -0.343234 0.517947
1311868185.568460 0.855798 -1.227281 1.816122 0.024622 -0.781417 -0.342037 0.521337
1311868185.600364 0.841880 -1.225447 1.821279 0.027183 -0.783189 -0.338283 0.520999
1311868185.636409 0.842443 -1.228833 1.818816 0.031925 -0.783289 -0.337278 0.521231
1311868185.668624 0.836332 -1.215763 1.802092 0.036653 -0.781682 -0.335959 0.524177
1311868185.701972 0.838530 -1.228226 1.818246 0.035953 -0.782984 -0.328857 0.526779
1311868185.736700 0.825193 -1.235745 1.825840 0.033590 -0.784688 -0.326244 0.526025
1311868185.768630 0.819760 -1.235697 1.826601 0.034134 -0.785189 -0.322451 0.527577
1311868185.800441 0.821339 -1.230300 1.821120 0.034602 -0.784254 -0.318677 0.531218
1311868185.836824 0.807161 -1.235772 1.831055 0.028206 -0.787255 -0.316803 0.528270
1311868185.868447 0.807964 -1.234677 1.833022 0.025323 -0.788702 -0.315420 0.527085
1311868185.900384 0.803340 -1.231439 1.833553 0.024938 -0.789665 -0.318532 0.523780
1311868185.936471 0.790848 -1.235680 1.844223 0.020758 -0.792418 -0.319555 0.519160
1311868185.968391 0.791839 -1.239313 1.842904 0.021146 -0.793081 -0.321547 0.516897
1311868186.000413 0.782377 -1.230550 1.845615 0.023149 -0.794241 -0.322787 0.514250
1311868186.036453 0.784790 -1.234051 1.848416 0.024273 -0.795597 -0.324546 0.510985
1311868186.068672 0.772884 -1.238404 1.858033 0.022175 -0.798445 -0.327337 0.504821
1311868186.103248 0.769915 -1.249239 1.860476 0.020170 -0.799967 -0.330047 0.500714
1311868186.136633 0.764700 -1.240408 1.863606 -0.023225 0.801290 0.333131 -0.496406
1311868186.168524 0.752898 -1.239058 1.873247 -0.020337 0.804679 0.334123 -0.490347
1311868186.200391 0.751565 -1.245076 1.877411 -0.016154 0.806967 0.336694 -0.484954
1311868186.237659 0.755294 -1.211941 1.849088 -0.023694 0.805510 0.342710 -0.482848
1311868186.268650 0.731300 -1.237856 1.889438 -0.014546 0.813498 0.343809 -0.468834
1311868186.300401 0.730153 -1.234472 1.890602 -0.015106 0.815944 0.346229 -0.462745
1311868186.336402 0.724692 -1.236484 1.896842 -0.013436 0.819457 0.349415 -0.454114
1311868186.368410 0.723774 -1.239403 1.904724 -0.011972 0.822873 0.352741 -0.445320
1311868186.400544 0.736982 -1.215574 1.877944 -0.017303 0.821439 0.358062 -0.443542
1311868186.436523 0.716838 -1.237863 1.920011 -0.009704 0.827294 0.357356 -0.433343
1311868186.468526 0.725660 -1.232531 1.920538 -0.011426 0.827191 0.358614 -0.432458
1311868186.500490 0.710875 -1.239875 1.931754 -0.003675 0.829510 0.360894 -0.426210
1311868186.537052 0.706481 -1.237591 1.938614 0.000571 0.831217 0.361838 -0.422080
1311868186.568549 0.710129 -1.234134 1.938137 0.003750 0.831350 0.363651 -0.420238
1311868186.600576 0.714646 -1.237365 1.938464 0.004824 0.831744 0.366477 -0.416981
1311868186.636497 0.711734 -1.244596 1.952185 0.007590 0.834318 0.366900 -0.411389
1311868186.668623 0.715524 -1.241100 1.953959 0.004928 0.833945 0.367776 -0.411403
1311868186.702517 0.722808 -1.247902 1.958638 0.004382 0.834390 0.368340 -0.410000
1311868186.736720 0.730584 -1.246046 1.962737 0.002925 0.834755 0.368098 -0.409486
1311868186.768504 0.726330 -1.243932 1.968889 0.004766 0.835590 0.369335 -0.406642
1311868186.800524 0.739246 -1.241283 1.971118 0.003737 0.835865 0.370483 -0.405041
1311868186.836721 0.752663 -1.219905 1.940247 0.003058 0.832829 0.375592 -0.406593
1311868186.869317 0.750080 -1.249108 1.981127 0.009432 0.836515 0.374925 -0.399482
1311868186.900515 0.747645 -1.249587 1.988049 0.011920 0.837147 0.375780 -0.397281
1311868186.936400 0.759785 -1.249496 1.990030 0.009502 0.836799 0.376855 -0.397062
1311868186.968636 0.766475 -1.251626 1.986085 0.009437 0.834747 0.378089 -0.400196
1311868187.000505 0.769926 -1.254655 1.996233 0.009466 0.835573 0.377172 -0.399335
1311868187.036707 0.782555 -1.262422 2.001714 0.010133 0.835224 0.376657 -0.400535
1311868187.068458 0.789594 -1.259745 2.001819 0.011133 0.833890 0.376588 -0.403342
1311868187.101696 0.789329 -1.258799 2.009460 0.014393 0.833631 0.376807 -0.403569
1311868187.136587 0.804867 -1.264908 2.011206 0.014255 0.831796 0.378432 -0.405834
1311868187.169000 0.811042 -1.268155 2.018391 0.015881 0.831189 0.378488 -0.406964
1311868187.201269 0.828131 -1.243476 1.980482 0.012336 0.825401 0.383214 -0.414378
1311868187.236433 0.837818 -1.269108 2.019801 0.015168 0.826684 0.383964 -0.411016
1311868187.268822 0.849366 -1.268768 2.021229 0.016327 0.823843 0.387800 -0.413070
1311868187.300515 0.860609 -1.269137 2.025169 0.016941 0.822041 0.392833 -0.411878
1311868187.336611 0.869365 -1.270091 2.022454 0.017526 0.819085 0.398876 -0.411935
1311868187.368415 0.869536 -1.271821 2.034788 0.018578 0.818893 0.400586 -0.410608
1311868187.400493 0.871756 -1.274605 2.042424 0.018354 0.817081 0.402189 -0.412656
1311868187.436706 0.870935 -1.279731 2.052749 0.018576 0.815162 0.403013 -0.415628
1311868187.468568 0.873870 -1.278150 2.056084 0.016282 0.813046 0.403482 -0.419397
1311868187.500548 0.883788 -1.280610 2.060912 0.016213 0.810669 0.404127 -0.423361
1311868187.537564 0.889125 -1.283150 2.065159 0.016511 0.809454 0.404956 -0.424879
1311868187.568523 0.888758 -1.282516 2.070951 0.016913 0.808998 0.405609 -0.425109
1311868187.600502 0.889607 -1.287057 2.080276 0.016983 0.808855 0.406254 -0.424762
1311868187.636477 0.897833 -1.290487 2.083113 0.016166 0.807664 0.406855 -0.426482
1311868187.668730 0.891019 -1.282718 2.086253 0.017878 0.807337 0.406096 -0.427754
1311868187.700555 0.900001 -1.269914 2.056204 0.017686 0.803298 0.409328 -0.432262
1311868187.736522 0.909818 -1.287006 2.089483 0.018574 0.806395 0.407890 -0.427794
1311868187.768746 0.901448 -1.293638 2.101888 0.023627 0.807903 0.407613 -0.424955
1311868187.800538 0.904830 -1.288653 2.104227 0.021909 0.807715 0.407862 -0.425164
1311868187.837466 0.905163 -1.292458 2.113017 0.021676 0.809047 0.408239 -0.422272
1311868187.868577 0.906165 -1.295536 2.120772 0.019376 0.810351 0.408994 -0.419141
1311868187.900542 0.906324 -1.301899 2.131896 0.018251 0.812159 0.409812 -0.414871
1311868187.936595 0.908283 -1.303322 2.138997 0.016496 0.813342 0.410155 -0.412281
1311868187.968459 0.904711 -1.304642 2.150188 0.016045 0.815733 0.409901 -0.407802
1311868188.000735 0.907929 -1.315199 2.160528 0.017665 0.818104 0.409973 -0.402884
1311868188.036686 0.905829 -1.309868 2.172771 0.015032 0.819727 0.411877 -0.397716
1311868188.068520 0.900312 -1.312009 2.183810 0.017355 0.821235 0.412429 -0.393921
1311868188.100428 0.900325 -1.296737 2.160821 0.018630 0.819310 0.416712 -0.393364
1311868188.136705 0.911042 -1.311471 2.191654 0.020607 0.822582 0.415690 -0.387474
1311868188.169752 0.906450 -1.311004 2.203357 0.023983 0.823966 0.417483 -0.382378
1311868188.200610 0.909582 -1.311787 2.209963 0.025279 0.823203 0.421651 -0.379352
1311868188.236529 0.903508 -1.312238 2.229935 0.025429 0.824771 0.424108 -0.373148
1311868188.268577 0.904397 -1.309684 2.236888 0.023435 0.823387 0.428573 -0.371227
1311868188.300900 0.894377 -1.311039 2.260695 0.022290 0.824373 0.432997 -0.363904
1311868188.336811 0.898267 -1.306797 2.268130 0.019704 0.822126 0.438173 -0.362940
1311868188.368537 0.900360 -1.308294 2.277638 0.019026 0.819774 0.444007 -0.361200
1311868188.400512 0.876671 -1.289814 2.266303 0.020824 0.816272 0.451705 -0.359485
1311868188.437067 0.891594 -1.316515 2.272273 0.024585 0.813656 0.456736 -0.358819
1311868188.468574 0.892334 -1.309585 2.277290 0.026937 0.813220 0.458247 -0.357711
1311868188.502489 0.897892 -1.312823 2.293810 0.030835 0.815524 0.457684 -0.352839
1311868188.537539 0.898608 -1.309052 2.305070 0.034237 0.818279 0.456407 -0.347765
1311868188.568686 0.899242 -1.318464 2.296653 0.041071 0.816720 0.460096 -0.345822
1311868188.601444 0.905285 -1.318552 2.294453 0.042508 0.815531 0.462256 -0.345575
1311868188.637504 0.913956 -1.318622 2.316725 0.043531 0.818462 0.459095 -0.342721
1311868188.668666 0.911001 -1.327078 2.314922 0.048155 0.816527 0.462914 -0.341577
1311868188.703460 0.925576 -1.314597 2.342529 0.045026 0.820018 0.458552 -0.339518
1311868188.736639 0.926948 -1.328764 2.330219 0.051061 0.815487 0.464937 -0.340892
1311868188.768663 0.921978 -1.298525 2.333820 0.051169 0.815500 0.464835 -0.340983
1311868188.800670 0.951384 -1.329497 2.342838 0.054165 0.813694 0.466423 -0.342662
1311868188.836521 0.957584 -1.328509 2.353799 0.054574 0.813220 0.467894 -0.341716
1311868188.868469 0.970570 -1.330979 2.351886 0.056381 0.810335 0.470392 -0.344833
1311868188.900697 0.977651 -1.337611 2.358221 0.060585 0.809389 0.472361 -0.343648
1311868188.936521 0.988183 -1.334672 2.366942 0.066178 0.809586 0.472090 -0.342524
1311868188.968696 0.999128 -1.334758 2.378693 0.072122 0.809036 0.473329 -0.340909
1311868189.000574 1.007459 -1.340841 2.381725 0.080747 0.807185 0.475864 -0.339832
1311868189.036870 1.016158 -1.338571 2.389503 0.085592 0.806317 0.477211 -0.338817
1311868189.068620 1.006125 -1.306925 2.391249 0.086262 0.804531 0.480228 -0.338629
1311868189.100649 1.024547 -1.338987 2.397057 0.086754 0.802310 0.481897 -0.341391
1311868189.136620 1.037806 -1.337162 2.398392 0.080063 0.800745 0.482810 -0.345386
1311868189.168589 1.048882 -1.341590 2.404879 0.076358 0.799359 0.484498 -0.347068
1311868189.201174 1.053960 -1.349121 2.411643 0.076995 0.797378 0.486980 -0.348010
1311868189.238292 1.068620 -1.342770 2.421611 0.075785 0.796063 0.487474 -0.350584
1311868189.268669 1.085229 -1.342552 2.427065 0.075936 0.793188 0.490359 -0.353036
1311868189.302276 1.092592 -1.346011 2.427065 0.077109 0.790549 0.493670 -0.354084
1311868189.337870 1.094075 -1.348277 2.437696 0.077045 0.790553 0.494948 -0.352301
1311868189.368446 1.104026 -1.347882 2.443559 0.074778 0.789382 0.496595 -0.353098
1311868189.400547 1.110127 -1.356108 2.442218 0.075306 0.786269 0.500106 -0.354971
1311868189.436651 1.106643 -1.324802 2.449154 0.073047 0.784793 0.501300 -0.357018
1311868189.468797 1.121149 -1.351079 2.451474 0.073946 0.783073 0.502404 -0.359053
1311868189.500573 1.128667 -1.346044 2.452784 0.073569 0.781215 0.503471 -0.361673
1311868189.536633 1.134578 -1.352250 2.462764 0.073865 0.781355 0.504799 -0.359452
1311868189.568724 1.139880 -1.351276 2.462850 0.071278 0.779879 0.507775 -0.358987
1311868189.601920 1.140879 -1.358747 2.471563 0.073266 0.780135 0.508234 -0.357379
1311868189.636729 1.147071 -1.358127 2.480991 0.074134 0.780899 0.506851 -0.357496
1311868189.668663 1.151607 -1.362437 2.488920 0.076736 0.780757 0.507612 -0.356174
1311868189.704376 1.154487 -1.360793 2.490403 0.077618 0.779584 0.508895 -0.356720
1311868189.736593 1.154448 -1.368379 2.503139 0.080304 0.779922 0.508843 -0.355459
1311868189.768868 1.154053 -1.370296 2.513720 0.080766 0.779547 0.508588 -0.356539
1311868189.802939 1.152604 -1.377734 2.521216 0.081287 0.777877 0.509965 -0.358099
1311868189.836562 1.151461 -1.377968 2.531572 0.080069 0.777513 0.509194 -0.360255
1311868189.868685 1.144613 -1.356360 2.538061 0.079815 0.775369 0.510245 -0.363431
1311868189.902037 1.156347 -1.379624 2.550570 0.078543 0.775746 0.508777 -0.364958
1311868189.936714 1.155506 -1.382110 2.561931 0.078696 0.775845 0.508560 -0.365019
1311868189.968616 1.156419 -1.390775 2.567240 0.079983 0.774527 0.509828 -0.365768
1311868190.002005 1.150364 -1.394573 2.578275 0.080201 0.774585 0.510027 -0.365320
1311868190.036745 1.154081 -1.398846 2.587502 0.078759 0.774170 0.509300 -0.367522
1311868190.068604 1.157375 -1.401707 2.587412 0.076729 0.772629 0.509767 -0.370534
1311868190.104099 1.151160 -1.406774 2.606127 0.077669 0.774761 0.508077 -0.368199
1311868190.136685 1.150778 -1.415396 2.617506 0.079846 0.774986 0.507909 -0.367492
1311868190.168751 1.148579 -1.420269 2.623440 0.081109 0.774928 0.508064 -0.367123
1311868190.202446 1.136198 -1.400021 2.627262 0.081780 0.774314 0.508734 -0.367342
1311868190.236836 1.146452 -1.427159 2.647964 0.079316 0.776565 0.506550 -0.366145
1311868190.268616 1.148207 -1.432741 2.654630 0.078020 0.775969 0.506102 -0.368301
1311868190.302512 1.145897 -1.435963 2.664327 0.077390 0.775703 0.505556 -0.369741
1311868190.336668 1.144724 -1.440506 2.675933 0.076813 0.776160 0.504495 -0.370350
1311868190.369230 1.146109 -1.446300 2.682136 0.076679 0.775700 0.504400 -0.371470
1311868190.401976 1.146741 -1.450117 2.689999 0.076803 0.776044 0.503685 -0.371697
1311868190.436649 1.140489 -1.454976 2.697301 0.079419 0.776457 0.503370 -0.370711
1311868190.468862 1.142675 -1.456808 2.702282 0.078554 0.776054 0.503140 -0.372048
1311868190.503067 1.137389 -1.459079 2.715877 0.078891 0.777411 0.501199 -0.371763
1311868190.536577 1.122552 -1.440381 2.712323 0.079127 0.775124 0.502729 -0.374413
1311868190.568647 1.136063 -1.463659 2.737396 0.077740 0.776848 0.500370 -0.374291
1311868190.604416 1.135486 -1.465670 2.739867 0.076123 0.775620 0.501065 -0.376234
1311868190.636584 1.138277 -1.471886 2.746102 0.075353 0.775686 0.500303 -0.377267
1311868190.668720 1.132324 -1.469353 2.747600 0.074784 0.775830 0.500132 -0.377310
1311868190.708899 1.132977 -1.475342 2.752243 0.074236 0.776385 0.499908 -0.376573
1311868190.736730 1.132379 -1.473810 2.754520 0.073919 0.777049 0.498479 -0.377160
1311868190.771375 1.139675 -1.485661 2.750575 0.075398 0.776179 0.498191 -0.379034
1311868190.802394 1.134586 -1.483621 2.766100 0.076119 0.779202 0.495369 -0.376378
1311868190.836629 1.133440 -1.486836 2.766199 0.078203 0.779269 0.495121 -0.376137
1311868190.870368 1.139037 -1.489735 2.771543 0.078537 0.779746 0.494302 -0.376157
1311868190.902257 1.136621 -1.484386 2.773362 0.078086 0.779606 0.494373 -0.376446
1311868190.936594 1.130778 -1.486642 2.783120 0.079120 0.780291 0.494622 -0.374481
1311868190.970309 1.128481 -1.481141 2.790114 0.079259 0.780358 0.494463 -0.374521
1311868191.004252 1.131048 -1.488878 2.794303 0.080830 0.778675 0.496524 -0.374961
1311868191.036646 1.132387 -1.488578 2.791318 0.081902 0.776569 0.498563 -0.376387
1311868191.074967 1.134967 -1.473633 2.790325 0.079620 0.775950 0.497930 -0.378984
1311868191.102905 1.124481 -1.490717 2.804817 0.083376 0.776757 0.499975 -0.373793
1311868191.136667 1.127732 -1.490830 2.798911 0.082623 0.775162 0.501148 -0.375697
1311868191.170379 1.129303 -1.493816 2.802640 0.082609 0.775190 0.501123 -0.375677
1311868191.204730 1.123281 -1.494036 2.805477 0.082495 0.775906 0.501363 -0.373899
1311868191.236855 1.117320 -1.495520 2.805062 0.082686 0.776015 0.501634 -0.373265
1311868191.270521 1.118425 -1.497047 2.806408 0.082444 0.776191 0.500860 -0.373991
1311868191.305138 1.116732 -1.497844 2.810402 0.081660 0.777363 0.499725 -0.373247
1311868191.336788 1.118355 -1.497103 2.811419 0.079359 0.778054 0.498922 -0.373377
1311868191.370175 1.113347 -1.500648 2.813436 0.080088 0.778355 0.498644 -0.372966
1311868191.408020 1.114898 -1.499652 2.811757 0.079238 0.778206 0.497854 -0.374510
1311868191.436687 1.116623 -1.498779 2.811117 0.077300 0.778296 0.497430 -0.375291
1311868191.470045 1.100547 -1.482696 2.795832 0.076972 0.775902 0.500469 -0.376273
1311868191.505579 1.112793 -1.507060 2.818237 0.076550 0.779184 0.497098 -0.374040
1311868191.536752 1.117199 -1.511590 2.814520 0.075667 0.778057 0.497678 -0.375791
1311868191.570203 1.113718 -1.511080 2.819034 0.074650 0.778658 0.497361 -0.375167
1311868191.604658 1.109109 -1.512738 2.822112 0.073642 0.778635 0.498065 -0.374482
1311868191.636913 1.107802 -1.513450 2.816985 0.071327 0.777299 0.499189 -0.376203
1311868191.670782 1.107743 -1.516845 2.826529 0.070615 0.778843 0.497110 -0.375898
1311868191.705077 1.104458 -1.518189 2.826686 0.072006 0.778048 0.497475 -0.376795
1311868191.736754 1.101788 -1.518677 2.828909 0.073868 0.777914 0.496952 -0.377401
1311868191.771559 1.093241 -1.515114 2.828887 0.075249 0.777963 0.496674 -0.377395
1311868191.804765 1.092244 -1.518053 2.828797 0.075327 0.777660 0.496619 -0.378074
1311868191.836740 1.090499 -1.519514 2.828478 0.075269 0.777298 0.496864 -0.378508
1311868191.872176 1.086435 -1.516251 2.826756 0.073891 0.777246 0.496766 -0.379016
1311868191.904702 1.080892 -1.518972 2.828064 0.075225 0.777356 0.496789 -0.378498
1311868191.936673 1.080476 -1.518092 2.826251 0.075764 0.776516 0.496520 -0.380462
1311868191.970293 1.079993 -1.518225 2.821033 0.075942 0.774807 0.497279 -0.382911
1311868192.005218 1.077932 -1.517724 2.822485 0.075323 0.774557 0.497054 -0.383830
1311868192.038266 1.071399 -1.516794 2.822789 0.074887 0.774377 0.497519 -0.383677
1311868192.070578 1.067274 -1.511792 2.813438 0.073536 0.772548 0.498673 -0.386117
1311868192.105561 1.059684 -1.515113 2.819320 0.074742 0.773467 0.498495 -0.384273
1311868192.139401 1.057438 -1.513973 2.812416 0.073793 0.772301 0.499355 -0.385682
1311868192.173682 1.054662 -1.513942 2.811653 0.073611 0.772164 0.499147 -0.386260
1311868192.204710 1.049639 -1.507554 2.810948 0.074261 0.772247 0.497925 -0.387544
1311868192.240525 1.042090 -1.503015 2.807278 0.074382 0.771317 0.498429 -0.388724
1311868192.271675 1.037358 -1.510376 2.805808 0.075333 0.769996 0.499461 -0.389832
1311868192.304674 1.031952 -1.504705 2.799046 0.074844 0.768975 0.498836 -0.392731
1311868192.342496 1.030970 -1.510896 2.787198 0.072907 0.767085 0.500836 -0.394245
1311868192.370163 1.025384 -1.509996 2.787528 0.070850 0.768629 0.499846 -0.392867
1311868192.404725 1.007227 -1.488195 2.767702 0.068473 0.766657 0.501951 -0.394454
1311868192.438459 1.011665 -1.508854 2.778807 0.070158 0.769542 0.498141 -0.393369
1311868192.471387 1.007820 -1.503231 2.770292 0.069118 0.769119 0.496757 -0.396120
1311868192.504708 1.001167 -1.506710 2.765547 0.069604 0.768836 0.496188 -0.397297
1311868192.540878 0.995388 -1.505240 2.760153 0.069294 0.769075 0.494705 -0.398735
1311868192.571208 0.989152 -1.502677 2.755401 0.068714 0.769928 0.493582 -0.398581
1311868192.604784 0.985534 -1.497702 2.749650 0.068383 0.770978 0.492306 -0.398185
1311868192.641130 0.982768 -1.506570 2.744083 0.069823 0.771231 0.493660 -0.395762
1311868192.670331 0.977527 -1.498020 2.736765 0.068451 0.772543 0.492652 -0.394698
1311868192.704764 0.972018 -1.496762 2.734923 0.068526 0.773873 0.491760 -0.393188
1311868192.739392 0.970813 -1.498677 2.726346 0.068422 0.773453 0.492258 -0.393410
1311868192.770014 0.964266 -1.493587 2.720405 0.068529 0.774039 0.491515 -0.393167
1311868192.804785 0.963187 -1.491894 2.711479 0.068124 0.774216 0.490907 -0.393650
1311868192.838042 0.953753 -1.493596 2.712436 0.068725 0.776512 0.490094 -0.390018
1311868192.870604 0.948536 -1.474707 2.698112 0.064630 0.775516 0.490602 -0.392055
1311868192.904715 0.948521 -1.490997 2.702199 0.066603 0.778172 0.487877 -0.389857
1311868192.940507 0.944637 -1.494221 2.700394 0.066178 0.779707 0.486857 -0.388133
1311868192.970299 0.942626 -1.493741 2.694358 0.065790 0.780192 0.486706 -0.387414
1311868193.004778 0.938971 -1.498905 2.689089 0.067867 0.780618 0.486988 -0.385840
1311868193.038080 0.934450 -1.492254 2.688619 0.066358 0.782618 0.485874 -0.383449
1311868193.070262 0.932711 -1.494920 2.683405 0.064393 0.783274 0.486833 -0.381221
1311868193.105256 0.927266 -1.492946 2.678361 0.062452 0.784644 0.486505 -0.379138
1311868193.140696 0.927986 -1.495417 2.674613 0.060500 0.785626 0.486678 -0.377196
1311868193.172573 0.920625 -1.494657 2.674911 0.060613 0.787637 0.485884 -0.373992
1311868193.205121 0.926477 -1.491870 2.672414 0.062006 0.789270 0.483704 -0.373148
1311868193.238476 0.925758 -1.488899 2.666659 0.064707 0.790447 0.485329 -0.368052
1311868193.270506 0.924975 -1.510698 2.658241 0.071899 0.789297 0.491110 -0.361457
1311868193.309034 0.911105 -1.496415 2.667582 0.072803 0.793060 0.489865 -0.354666
1311868193.340807 0.905632 -1.504232 2.665698 0.073827 0.793917 0.491546 -0.350183
1311868193.370907 0.902030 -1.487296 2.660864 0.070800 0.794438 0.493214 -0.347269
1311868193.409261 0.898078 -1.505375 2.662322 0.070566 0.795557 0.494463 -0.342952
1311868193.438985 0.889420 -1.513369 2.666476 0.070994 0.797969 0.494380 -0.337333
1311868193.473196 0.889466 -1.512336 2.659140 0.066872 0.798027 0.496269 -0.335259
1311868193.507782 0.879170 -1.518817 2.659784 0.064624 0.799990 0.497080 -0.329776
1311868193.541208 0.874702 -1.524443 2.653477 0.060028 0.801319 0.497613 -0.326598
1311868193.573764 0.863200 -1.531826 2.654451 0.057834 0.803613 0.497370 -0.321689
1311868193.605992 0.873252 -1.526652 2.647349 0.049700 0.804232 0.496213 -0.323284
1311868193.640297 0.862531 -1.540293 2.648945 0.050398 0.806073 0.496533 -0.318057
1311868193.670172 0.861215 -1.542974 2.646736 0.047780 0.807590 0.495535 -0.316164
1311868193.710143 0.866072 -1.522500 2.635491 0.042084 0.808019 0.494225 -0.317926
1311868193.738312 0.854450 -1.551294 2.640283 0.045543 0.809810 0.494271 -0.312779
1311868193.771597 0.844554 -1.554093 2.642770 0.045156 0.812411 0.492019 -0.309622
1311868193.809392 0.848099 -1.554952 2.635706 0.040499 0.812481 0.492052 -0.310032
1311868193.838095 0.842461 -1.564450 2.632722 0.040087 0.813248 0.491126 -0.309542
1311868193.873184 0.838074 -1.566838 2.628964 0.037824 0.813685 0.489869 -0.310667
1311868193.909419 0.832748 -1.567000 2.632705 0.038116 0.815548 0.486147 -0.311593
1311868193.938105 0.827849 -1.569653 2.630690 0.038612 0.816850 0.483909 -0.311606
1311868193.972816 0.822062 -1.573156 2.629815 0.040187 0.818069 0.482925 -0.309728
1311868194.009150 0.822471 -1.576466 2.629582 0.039922 0.819062 0.482063 -0.308477
1311868194.038215 0.825815 -1.577014 2.627539 0.039533 0.819249 0.481392 -0.309080
1311868194.071381 0.825519 -1.578361 2.622064 0.038596 0.818667 0.482876 -0.308423
1311868194.108743 0.815919 -1.584352 2.627938 0.041472 0.819672 0.482887 -0.305347
1311868194.140638 0.826044 -1.589918 2.622576 0.039277 0.817057 0.486111 -0.307525
1311868194.172673 0.821841 -1.591514 2.618859 0.041174 0.815247 0.488940 -0.307595
1311868194.209517 0.813583 -1.587924 2.616969 0.041798 0.815891 0.489318 -0.305195
1311868194.243018 0.810845 -1.590770 2.619782 0.043037 0.817277 0.488710 -0.302272
1311868194.270035 0.816322 -1.600538 2.611637 0.041627 0.815738 0.491526 -0.302061
1311868194.309378 0.802974 -1.597575 2.610406 0.042773 0.817003 0.490618 -0.299951
1311868194.339184 0.807685 -1.605093 2.608639 0.042669 0.817563 0.488752 -0.301483
1311868194.370242 0.799403 -1.607514 2.607312 0.042508 0.818474 0.487611 -0.300882
1311868194.408223 0.823613 -1.577242 2.601825 0.033697 0.819597 0.481328 -0.308947
1311868194.439940 0.799331 -1.611531 2.604489 0.042150 0.819884 0.483178 -0.304225
1311868194.468912 0.796015 -1.613602 2.602297 0.041234 0.820484 0.482044 -0.304531
1311868194.508854 0.798443 -1.612138 2.597758 0.037448 0.820688 0.480647 -0.306672
1311868194.538360 0.793814 -1.617474 2.596938 0.037261 0.821453 0.478912 -0.307359
1311868194.568867 0.788985 -1.624989 2.593908 0.037574 0.821460 0.478489 -0.307963
1311868194.609529 0.787291 -1.624256 2.596451 0.036506 0.822804 0.475846 -0.308595
1311868194.645036 0.785104 -1.626185 2.593957 0.036077 0.823277 0.474533 -0.309406
1311868194.669010 0.785215 -1.627254 2.594238 0.035525 0.824319 0.472550 -0.309730
1311868194.710055 0.786397 -1.627739 2.592437 0.035419 0.824822 0.471339 -0.310247
1311868194.740970 0.789063 -1.629454 2.587998 0.036340 0.824962 0.470345 -0.311277
1311868194.768994 0.787332 -1.632197 2.589197 0.039396 0.826350 0.468768 -0.309596
1311868194.806949 0.787141 -1.636460 2.585811 0.042022 0.826856 0.469223 -0.307203
1311868194.842311 0.786624 -1.632780 2.585121 0.042642 0.827963 0.468501 -0.305232
1311868194.868966 0.781173 -1.641142 2.588062 0.044855 0.829474 0.467102 -0.302947
1311868194.909237 0.778182 -1.642051 2.595779 0.044400 0.831182 0.464893 -0.301728
1311868194.942724 0.774559 -1.649120 2.593730 0.043856 0.830769 0.465172 -0.302514
1311868194.968884 0.773165 -1.649684 2.590609 0.042569 0.830557 0.464132 -0.304868
1311868195.009219 0.771607 -1.651325 2.598171 0.043382 0.831937 0.461042 -0.305677
1311868195.038705 0.768311 -1.653094 2.604037 0.044076 0.832805 0.459645 -0.305318
1311868195.068954 0.766547 -1.659206 2.604461 0.044172 0.832610 0.459671 -0.305798
1311868195.109504 0.764770 -1.658693 2.608944 0.043602 0.832867 0.458817 -0.306462
1311868195.139745 0.762950 -1.660995 2.614634 0.041968 0.833015 0.458429 -0.306869
1311868195.168943 0.758295 -1.667020 2.616368 0.040166 0.832446 0.459337 -0.307295
1311868195.208719 0.757085 -1.665814 2.625845 0.038238 0.833365 0.457145 -0.308316
1311868195.238370 0.757534 -1.670115 2.627107 0.037226 0.832366 0.457427 -0.310712
1311868195.269090 0.755528 -1.671734 2.631600 0.036369 0.832519 0.456430 -0.311865
1311868195.314009 0.754992 -1.672146 2.641197 0.035864 0.833434 0.454626 -0.312117
1311868195.340715 0.749739 -1.676451 2.645911 0.037209 0.833099 0.455030 -0.312265
1311868195.368984 0.755654 -1.674708 2.647916 0.034880 0.832360 0.454503 -0.315257
1311868195.409401 0.779137 -1.652381 2.653410 0.027489 0.833021 0.449550 -0.321285
1311868195.441781 0.749296 -1.685376 2.666364 0.034325 0.832434 0.454663 -0.314892
1311868195.469182 0.749820 -1.687465 2.672020 0.031272 0.831524 0.455221 -0.316801
1311868195.508972 0.751321 -1.687679 2.677881 0.028400 0.830279 0.455454 -0.319987
1311868195.540776 0.745074 -1.689744 2.685856 0.028325 0.829455 0.456002 -0.321348
1311868195.569178 0.758563 -1.683986 2.691568 0.025769 0.828221 0.454900 -0.326268
1311868195.607032 0.748378 -1.692299 2.703562 0.030804 0.827760 0.456841 -0.324284
1311868195.641375 0.751772 -1.687870 2.707346 0.030229 0.826231 0.458623 -0.325720
1311868195.669012 0.745909 -1.696121 2.716934 0.033480 0.824715 0.462396 -0.323904
1311868195.710126 0.750703 -1.690441 2.722537 0.031020 0.823110 0.464531 -0.325174
1311868195.737290 0.749771 -1.682267 2.735000 0.030297 0.822937 0.464699 -0.325441
1311868195.769034 0.739717 -1.692279 2.742190 0.032469 0.821192 0.468391 -0.324346
1311868195.808835 0.737883 -1.694392 2.748663 0.032202 0.819745 0.469424 -0.326531
1311868195.837123 0.739851 -1.692337 2.755813 0.030177 0.818450 0.468982 -0.330583
1311868195.869116 0.767507 -1.662492 2.750625 0.020080 0.815966 0.465127 -0.342714
1311868195.906456 0.756072 -1.691966 2.764404 0.026572 0.814893 0.466549 -0.342893
1311868195.936986 0.764612 -1.681610 2.772957 0.025333 0.814583 0.463541 -0.347769
1311868195.969019 0.768191 -1.687213 2.781454 0.029322 0.814038 0.463675 -0.348551
1311868196.009280 0.774440 -1.691753 2.781049 0.033755 0.811835 0.466373 -0.349686
1311868196.036924 0.781376 -1.692909 2.787200 0.033976 0.810489 0.469415 -0.348716
1311868196.068988 0.781244 -1.687632 2.796606 0.037003 0.810090 0.469630 -0.349046
1311868196.107842 0.781223 -1.693326 2.801623 0.039815 0.808174 0.472050 -0.349913
1311868196.137076 0.787369 -1.692320 2.811110 0.039816 0.807148 0.472007 -0.352331
1311868196.168888 0.787851 -1.704352 2.807822 0.043198 0.803025 0.476296 -0.355567
1311868196.208314 0.795709 -1.696149 2.805974 0.040329 0.800263 0.477331 -0.360704
1311868196.236975 0.801339 -1.695260 2.813776 0.040275 0.799502 0.476286 -0.363768
1311868196.269144 0.802379 -1.696658 2.821880 0.042482 0.798703 0.476309 -0.365239
1311868196.307425 0.802218 -1.704911 2.828765 0.047769 0.797475 0.476146 -0.367473
1311868196.337126 0.832619 -1.659676 2.820940 0.040209 0.795357 0.471358 -0.378962
1311868196.369056 0.832855 -1.693569 2.838452 0.050069 0.794878 0.472061 -0.377916
1311868196.410126 0.839104 -1.689313 2.841724 0.052010 0.793643 0.471550 -0.380875
1311868196.437163 0.847854 -1.690501 2.847641 0.053969 0.792189 0.471717 -0.383414
1311868196.468966 0.847695 -1.695196 2.855122 0.058173 0.790641 0.473068 -0.384329
1311868196.507765 0.851362 -1.695083 2.858003 0.061214 0.788572 0.474531 -0.386300
1311868196.537088 0.854988 -1.691886 2.863239 0.064934 0.786989 0.474579 -0.388854
1311868196.569054 0.862759 -1.696782 2.870346 0.069733 0.785225 0.474801 -0.391310
1311868196.610073 0.865549 -1.695137 2.874951 0.072872 0.783033 0.476557 -0.392990
1311868196.637007 0.870643 -1.697040 2.880188 0.076265 0.780871 0.477436 -0.395574
1311868196.668957 0.877870 -1.658097 2.867907 0.072569 0.777557 0.477539 -0.402612
1311868196.709665 0.877233 -1.693872 2.891067 0.080730 0.777434 0.478544 -0.400094
1311868196.737079 0.879491 -1.692114 2.897307 0.080686 0.776239 0.477897 -0.403184
1311868196.769084 0.878130 -1.701855 2.905003 0.082227 0.774342 0.478594 -0.405685
1311868196.807613 0.879749 -1.700950 2.914459 0.082747 0.773033 0.478241 -0.408482
1311868196.837005 0.881716 -1.704535 2.918296 0.081746 0.771139 0.479478 -0.410808
1311868196.869030 0.882283 -1.706442 2.924167 0.081933 0.769982 0.479421 -0.413002
1311868196.909608 0.882296 -1.712842 2.927960 0.080360 0.768677 0.480123 -0.414921
1311868196.936988 0.884254 -1.718628 2.934053 0.080908 0.768061 0.479471 -0.416706
1311868196.969198 0.886257 -1.720212 2.940575 0.080427 0.768107 0.478899 -0.417371
1311868197.005107 0.885456 -1.722275 2.945560 0.078149 0.768713 0.479413 -0.416097
1311868197.036991 0.882854 -1.721801 2.957003 0.077779 0.770620 0.478204 -0.414024
1311868197.069116 0.880952 -1.728577 2.966735 0.078416 0.771343 0.478924 -0.411719
1311868197.105017 0.881985 -1.723715 2.974458 0.076234 0.772163 0.479530 -0.409883
1311868197.136991 0.875278 -1.686714 2.968786 0.069223 0.771833 0.481262 -0.409718
1311868197.169013 0.879883 -1.730689 2.990927 0.074883 0.771604 0.484472 -0.405348
1311868197.205086 0.878836 -1.729031 2.997278 0.073315 0.771544 0.486972 -0.402744
1311868197.237163 0.874882 -1.734897 3.001617 0.072296 0.771146 0.491151 -0.398596
1311868197.269183 0.870606 -1.739515 3.013932 0.073132 0.772315 0.493256 -0.393548
1311868197.305116 0.874940 -1.740363 3.017061 0.071104 0.772369 0.495873 -0.390513
1311868197.337258 0.869138 -1.742519 3.026476 0.069709 0.773723 0.498813 -0.384289
1311868197.369073 0.861501 -1.746699 3.036360 0.068506 0.774586 0.501644 -0.379047
1311868197.405204 0.858814 -1.746446 3.042755 0.066062 0.774742 0.503776 -0.376325
1311868197.437047 0.856716 -1.749193 3.051193 0.065709 0.774641 0.505525 -0.374244
1311868197.469173 0.846598 -1.704931 3.048953 0.058461 0.775532 0.506275 -0.372583
1311868197.505155 0.853486 -1.750347 3.064435 0.064550 0.774782 0.509581 -0.368609
1311868197.536977 0.847228 -1.752502 3.076088 0.066610 0.775112 0.510920 -0.365684
1311868197.569185 0.841761 -1.751928 3.084359 0.069469 0.774944 0.511641 -0.364500
1311868197.605169 0.838999 -1.758894 3.093939 0.071517 0.774063 0.513541 -0.363302
1311868197.637079 0.838380 -1.763446 3.101638 0.072954 0.773467 0.515048 -0.362150
1311868197.669130 0.832453 -1.763044 3.111014 0.074132 0.773661 0.516623 -0.359241
1311868197.705186 0.832898 -1.755823 3.106691 0.072965 0.772037 0.518933 -0.359643
1311868197.737277 0.837849 -1.760889 3.119522 0.072562 0.771784 0.519870 -0.358914
1311868197.769193 0.825981 -1.766090 3.128485 0.075078 0.771715 0.522006 -0.355428
1311868197.805395 0.820827 -1.767562 3.136986 0.075032 0.771663 0.523127 -0.353899
1311868197.837217 0.819804 -1.769549 3.141154 0.078533 0.770610 0.523226 -0.355285
1311868197.869114 0.818093 -1.766989 3.148650 0.081249 0.770657 0.523114 -0.354737
1311868197.905203 0.817463 -1.751620 3.152183 0.080891 0.770869 0.522513 -0.355242
1311868197.937196 0.816241 -1.767257 3.152231 0.086586 0.767689 0.525954 -0.355710
1311868197.969193 0.795297 -1.718402 3.150761 0.082570 0.767960 0.526486 -0.355290
1311868198.005244 0.814071 -1.755455 3.150059 0.084055 0.764684 0.528416 -0.359125
1311868198.037139 0.811529 -1.756352 3.152883 0.082485 0.763506 0.529447 -0.360474
1311868198.069220 0.804995 -1.739995 3.151179 0.078823 0.763207 0.528788 -0.362885
1311868198.105370 0.801487 -1.748715 3.156529 0.081090 0.762673 0.528956 -0.363263
1311868198.137212 0.800696 -1.753994 3.161031 0.082328 0.762295 0.529120 -0.363539
1311868198.169159 0.794806 -1.750779 3.161348 0.083557 0.762183 0.529012 -0.363651
1311868198.205266 0.790648 -1.758102 3.170743 0.084398 0.762663 0.528818 -0.362730
1311868198.237167 0.787680 -1.754907 3.170262 0.083344 0.762026 0.528507 -0.364762
1311868198.269205 0.783805 -1.751877 3.172413 0.083519 0.761610 0.527203 -0.367466
1311868198.305141 0.778766 -1.747312 3.172814 0.084102 0.760390 0.526721 -0.370538
1311868198.337248 0.778370 -1.750698 3.177729 0.085792 0.759818 0.526643 -0.371434
1311868198.369167 0.776340 -1.748128 3.175599 0.087261 0.758543 0.527842 -0.371995
1311868198.405114 0.767021 -1.747842 3.179193 0.089672 0.758653 0.528920 -0.369659
1311868198.437155 0.760767 -1.747373 3.181638 0.088544 0.758886 0.529324 -0.368875
1311868198.469161 0.754413 -1.753206 3.180635 0.089712 0.757778 0.530477 -0.369214
1311868198.505259 0.751526 -1.748952 3.182396 0.088054 0.757921 0.529938 -0.370091
1311868198.537261 0.747574 -1.746615 3.179454 0.084931 0.757386 0.531088 -0.370269
1311868198.569178 0.739425 -1.746699 3.183615 0.084914 0.758034 0.531587 -0.368225
1311868198.605102 0.732778 -1.749830 3.185765 0.084218 0.758079 0.532660 -0.366738
1311868198.637155 0.728315 -1.749239 3.184639 0.082823 0.758140 0.533778 -0.365301
1311868198.669124 0.722517 -1.746658 3.183837 0.082334 0.758258 0.534729 -0.363773
1311868198.705029 0.721209 -1.750409 3.183616 0.082271 0.757739 0.536161 -0.362759
1311868198.737178 0.715965 -1.750086 3.180808 0.082651 0.757367 0.537637 -0.361262
1311868198.769148 0.714121 -1.756755 3.179784 0.083937 0.756472 0.539827 -0.359572
1311868198.805122 0.707191 -1.756896 3.185791 0.085600 0.757712 0.540093 -0.356153
1311868198.837189 0.681320 -1.707539 3.183724 0.079535 0.760747 0.539839 -0.351443
1311868198.869154 0.697422 -1.734824 3.174921 0.077476 0.759601 0.541537 -0.351769
1311868198.905110 0.692889 -1.743239 3.173197 0.077339 0.759565 0.542730 -0.350033
1311868198.937129 0.687319 -1.740760 3.174006 0.077296 0.761039 0.541835 -0.348223
1311868198.969249 0.681786 -1.737806 3.174091 0.076649 0.762403 0.541271 -0.346255
1311868199.005125 0.679670 -1.741150 3.172997 0.076842 0.762203 0.541743 -0.345914
1311868199.037153 0.671086 -1.742146 3.174399 0.076607 0.762745 0.542320 -0.343861
1311868199.069162 0.665608 -1.741789 3.174168 0.075077 0.762584 0.543390 -0.342865
1311868199.105139 0.656322 -1.733809 3.173672 0.074042 0.763199 0.543103 -0.342177
1311868199.137202 0.654152 -1.741013 3.172375 0.074567 0.762822 0.543475 -0.342312
1311868199.169310 0.647847 -1.735497 3.173144 0.076736 0.763999 0.542188 -0.341247
1311868199.205167 0.644160 -1.734736 3.174475 0.078520 0.764705 0.541942 -0.339646
1311868199.237228 0.641817 -1.736578 3.174889 0.080107 0.764713 0.542123 -0.338969
1311868199.269349 0.633816 -1.738393 3.177161 0.081876 0.765022 0.542555 -0.337151
1311868199.305204 0.635062 -1.733679 3.174787 0.080653 0.764891 0.542410 -0.337977
1311868199.337251 0.625084 -1.733652 3.177250 0.080438 0.765813 0.542985 -0.335004
1311868199.369357 0.620882 -1.731763 3.175893 0.080573 0.765997 0.542591 -0.335188
1311868199.405159 0.620328 -1.729897 3.173390 0.080553 0.765927 0.542335 -0.335767
1311868199.437214 0.611740 -1.734526 3.176214 0.084729 0.766458 0.542515 -0.333227
1311868199.469396 0.609332 -1.737212 3.173097 0.086438 0.766277 0.543039 -0.332350
1311868199.505308 0.604669 -1.729202 3.176813 0.087196 0.768618 0.540863 -0.330290
1311868199.537263 0.605093 -1.729064 3.172796 0.085910 0.768782 0.541408 -0.329350
1311868199.569325 0.603197 -1.732315 3.175493 0.086161 0.769991 0.541133 -0.326901
1311868199.605264 0.575735 -1.695649 3.183754 0.085083 0.774267 0.540031 -0.318807
1311868199.637203 0.585485 -1.722164 3.183859 0.085833 0.774992 0.541003 -0.315176
1311868199.669160 0.586433 -1.726851 3.183899 0.085508 0.775738 0.542385 -0.311026
1311868199.705305 0.578837 -1.721860 3.181329 0.084305 0.776755 0.543843 -0.306232
1311868199.737153 0.572126 -1.725327 3.186134 0.085013 0.778515 0.544041 -0.301175
1311868199.769136 0.570311 -1.725249 3.187101 0.084291 0.778980 0.544765 -0.298860
1311868199.805309 0.563666 -1.726064 3.189506 0.084173 0.779958 0.545592 -0.294804
1311868199.837168 0.558798 -1.731707 3.190177 0.084953 0.780188 0.547209 -0.290951
1311868199.869232 0.551385 -1.730637 3.189376 0.082927 0.781307 0.548457 -0.286143
1311868199.905169 0.531962 -1.698902 3.193673 0.079281 0.784790 0.547715 -0.278974
1311868199.937209 0.523531 -1.726650 3.209956 0.077964 0.788113 0.547176 -0.270920
1311868199.969272 0.523385 -1.732278 3.212229 0.075884 0.789276 0.546650 -0.269181
1311868200.005247 0.515964 -1.731783 3.214021 0.075836 0.790846 0.546182 -0.265512
1311868200.037557 0.510180 -1.733072 3.217055 0.076661 0.791825 0.546743 -0.261168
1311868200.069418 0.504786 -1.736941 3.219868 0.077394 0.792138 0.548259 -0.256785
1311868200.105179 0.495530 -1.743786 3.226286 0.076880 0.793146 0.549561 -0.250982
1311868200.137281 0.486625 -1.747248 3.228676 0.072939 0.793750 0.551502 -0.245942
1311868200.169388 0.473698 -1.755327 3.231082 0.068892 0.793841 0.553968 -0.241226
1311868200.205451 0.474699 -1.721038 3.224650 0.065617 0.793992 0.552652 -0.244637
1311868200.237169 0.463523 -1.749870 3.254009 0.067196 0.797475 0.550436 -0.237777
1311868200.273397 0.454380 -1.750647 3.260402 0.067773 0.798230 0.551145 -0.233398
1311868200.305197 0.449584 -1.759029 3.263597 0.067577 0.797787 0.553389 -0.229628
1311868200.337233 0.440707 -1.759298 3.269439 0.066878 0.798318 0.554142 -0.226148
1311868200.373427 0.436451 -1.766686 3.276892 0.065988 0.798305 0.555196 -0.223858
1311868200.405205 0.429524 -1.768567 3.283956 0.065237 0.798538 0.555896 -0.221497
1311868200.437327 0.425203 -1.765191 3.286257 0.064382 0.798429 0.556807 -0.219845
1311868200.473305 0.418453 -1.768671 3.292851 0.065816 0.798081 0.558488 -0.216394
1311868200.505347 0.408036 -1.776762 3.296225 0.067698 0.797165 0.561316 -0.211821
1311868200.537240 0.400001 -1.769142 3.303378 0.066812 0.798450 0.561022 -0.208011
1311868200.573293 0.406890 -1.745914 3.282473 0.062043 0.795049 0.564831 -0.212167
1311868200.605204 0.408250 -1.777064 3.312879 0.061182 0.797721 0.561802 -0.210420
1311868200.637423 0.395901 -1.778796 3.312069 0.062531 0.797099 0.562878 -0.209503
1311868200.673455 0.390604 -1.773456 3.319150 0.064156 0.798247 0.561361 -0.208710
1311868200.705281 0.389538 -1.781628 3.321241 0.064543 0.797486 0.562846 -0.207497
1311868200.737553 0.374045 -1.776448 3.329171 0.066883 0.798996 0.562043 -0.203075
1311868200.773365 0.379785 -1.786092 3.335843 0.066403 0.798506 0.562023 -0.205205
1311868200.805217 0.370697 -1.797166 3.332645 0.065914 0.797071 0.564914 -0.202991
1311868200.837445 0.368298 -1.789127 3.341910 0.066632 0.798507 0.562864 -0.202807
1311868200.873224 0.359121 -1.791942 3.341540 0.068439 0.798160 0.563885 -0.200724
1311868200.905248 0.358885 -1.788872 3.350830 0.068701 0.799803 0.561761 -0.200050
1311868200.937356 0.355046 -1.792571 3.354429 0.069246 0.800305 0.561562 -0.198404
1311868200.973447 0.348766 -1.788856 3.356599 0.070307 0.801272 0.560806 -0.196257
1311868201.005304 0.351966 -1.793662 3.356857 0.070388 0.800981 0.561077 -0.196641
1311868201.037420 0.349600 -1.789830 3.360457 0.070946 0.801921 0.559814 -0.196208
1311868201.073245 0.342808 -1.793266 3.360979 0.071789 0.801750 0.560366 -0.195021
1311868201.105420 0.334242 -1.792942 3.362951 0.072520 0.801965 0.560315 -0.194010
1311868201.137460 0.339777 -1.799810 3.368249 0.071706 0.801840 0.559548 -0.197023
1311868201.173508 0.338140 -1.805023 3.370064 0.071890 0.802024 0.559470 -0.196426
1311868201.205336 0.336017 -1.806692 3.359629 0.070370 0.801472 0.560780 -0.195489
1311868201.237377 0.331463 -1.797825 3.369902 0.071960 0.803742 0.557743 -0.194275
1311868201.273379 0.327990 -1.802455 3.368569 0.071974 0.802892 0.558855 -0.194589
1311868201.305293 0.321274 -1.800723 3.371330 0.072947 0.803154 0.558484 -0.194211
1311868201.337491 0.318548 -1.799757 3.367360 0.073215 0.802206 0.559505 -0.195088
1311868201.373318 0.321459 -1.771134 3.345804 0.071892 0.799379 0.562012 -0.199918
1311868201.405299 0.318769 -1.792934 3.372086 0.072693 0.802708 0.557831 -0.197990
1311868201.437414 0.318239 -1.796759 3.374823 0.071872 0.802617 0.558010 -0.198151
1311868201.473238 0.313229 -1.789772 3.369206 0.071323 0.802669 0.557867 -0.198546
1311868201.505318 0.307495 -1.791930 3.370768 0.072775 0.802609 0.557978 -0.197946
1311868201.537450 0.307393 -1.793615 3.373854 0.073753 0.802762 0.557472 -0.198391
1311868201.573409 0.303265 -1.790858 3.371253 0.072689 0.802862 0.558125 -0.196533
1311868201.605366 0.299520 -1.788370 3.370299 0.073037 0.803038 0.558069 -0.195845
1311868201.637398 0.297443 -1.799819 3.372811 0.070324 0.802774 0.559103 -0.194965
1311868201.673519 0.293727 -1.794137 3.365962 0.069426 0.803096 0.558843 -0.194709
1311868201.705356 0.289845 -1.793964 3.367144 0.069129 0.803696 0.558360 -0.193722
1311868201.737412 0.288237 -1.791698 3.369759 0.070310 0.804313 0.557478 -0.193277
1311868201.773466 0.289624 -1.792493 3.368807 0.069717 0.803946 0.557813 -0.194047
1311868201.805263 0.285177 -1.793581 3.371913 0.070188 0.803775 0.558481 -0.192664
1311868201.837447 0.281716 -1.793600 3.364240 0.070219 0.802350 0.560701 -0.192142
1311868201.873269 0.276952 -1.783025 3.367532 0.069910 0.803252 0.560213 -0.189895
1311868201.905252 0.276402 -1.792797 3.370367 0.067073 0.802023 0.562779 -0.188520
1311868201.937456 0.269527 -1.786661 3.367543 0.065599 0.801605 0.564229 -0.186473
1311868201.973324 0.265712 -1.787890 3.370418 0.064357 0.801345 0.565030 -0.185595
1311868202.005324 0.263870 -1.788370 3.372744 0.063477 0.800946 0.565757 -0.185406
1311868202.037477 0.258941 -1.787503 3.371665 0.062907 0.800114 0.567262 -0.184591
1311868202.073300 0.258211 -1.782378 3.370346 0.062186 0.799819 0.567390 -0.185717
1311868202.105342 0.249085 -1.783209 3.370326 0.063358 0.799162 0.569128 -0.182810
1311868202.137626 0.243097 -1.783258 3.374592 0.064294 0.799040 0.570030 -0.180185
1311868202.173321 0.243252 -1.781615 3.375520 0.063912 0.798320 0.571209 -0.179778
1311868202.205344 0.235437 -1.783460 3.377005 0.061855 0.797931 0.573317 -0.175465
1311868202.237472 0.235548 -1.785230 3.377178 0.059759 0.796875 0.575468 -0.173941
1311868202.273322 0.228852 -1.787560 3.379735 0.059772 0.795875 0.578089 -0.169774
1311868202.305308 0.225253 -1.782246 3.382254 0.059099 0.795639 0.578908 -0.168319
1311868202.337417 0.216826 -1.758164 3.358607 0.058200 0.791841 0.584693 -0.166537
1311868202.373252 0.211176 -1.789021 3.383540 0.060627 0.793848 0.582382 -0.164200
1311868202.405338 0.204947 -1.785504 3.381364 0.061383 0.793631 0.582513 -0.164501
1311868202.437436 0.204886 -1.782553 3.376749 0.058286 0.793030 0.583588 -0.164716
1311868202.473421 0.197397 -1.785761 3.380593 0.057636 0.793577 0.583445 -0.162807
1311868202.505419 0.189789 -1.788842 3.384778 0.056237 0.793791 0.583948 -0.160431
1311868202.537451 0.186097 -1.783349 3.378554 0.051560 0.792496 0.585966 -0.161045
1311868202.573395 0.180312 -1.786161 3.377651 0.048855 0.791729 0.586800 -0.162619
1311868202.605428 0.172961 -1.786591 3.381613 0.048387 0.792068 0.585830 -0.164590
1311868202.637392 0.163544 -1.793159 3.390175 0.049556 0.793282 0.584317 -0.163776
1311868202.673740 0.154855 -1.792714 3.388361 0.050725 0.793138 0.584835 -0.162257
1311868202.705520 0.150117 -1.793977 3.388063 0.048946 0.793827 0.584337 -0.161224
1311868202.737342 0.144310 -1.796847 3.387830 0.045784 0.794198 0.584328 -0.160356
1311868202.773447 0.139568 -1.795384 3.384270 0.042026 0.794986 0.583304 -0.161207
1311868202.805444 0.130662 -1.793712 3.384591 0.040237 0.796514 0.581136 -0.161952
1311868202.837625 0.130269 -1.794899 3.383961 0.038215 0.797983 0.578646 -0.164108
1311868202.873426 0.118667 -1.802714 3.389077 0.041840 0.799204 0.577162 -0.162501
1311868202.905418 0.121027 -1.796713 3.379950 0.039573 0.799816 0.576372 -0.162861
1311868202.937647 0.116077 -1.774753 3.366303 0.038813 0.800579 0.576050 -0.160417
1311868202.973443 0.091488 -1.801920 3.384673 0.040660 0.804692 0.572744 -0.150937
1311868203.005588 0.089788 -1.799969 3.383763 0.039214 0.806965 0.570160 -0.148955
1311868203.037557 0.085521 -1.801014 3.379714 0.038674 0.808262 0.568660 -0.147793
1311868203.073357 0.081119 -1.808169 3.379929 0.039577 0.809710 0.567036 -0.145853
1311868203.105553 0.082864 -1.804761 3.376006 0.041974 0.810457 0.566064 -0.144812
1311868203.137538 0.076639 -1.811086 3.375213 0.046968 0.811607 0.565321 -0.139641
1311868203.173538 0.080735 -1.804240 3.371043 0.054366 0.813510 0.562986 -0.135247
1311868203.205413 0.078986 -1.806410 3.362181 0.055741 0.814726 0.562681 -0.128475
1311868203.237522 0.071741 -1.824370 3.358809 0.056839 0.815538 0.562694 -0.122648
1311868203.273471 0.094709 -1.789506 3.330042 0.053316 0.816143 0.561047 -0.127648
1311868203.305495 0.068803 -1.824881 3.348235 0.056057 0.819919 0.557051 -0.119522
1311868203.337532 0.067549 -1.825101 3.340253 0.053140 0.822224 0.554300 -0.117792
1311868203.373566 0.061718 -1.828602 3.331551 0.050252 0.824308 0.552144 -0.114578
1311868203.405460 0.058422 -1.828848 3.328073 0.047894 0.827470 0.548091 -0.112229
1311868203.437674 0.061320 -1.839655 3.324760 0.044234 0.828772 0.546942 -0.109702
1311868203.505522 0.062207 -1.834391 3.316683 0.042475 0.831078 0.545505 -0.099649
1311868203.537432 0.070033 -1.840430 3.314015 0.043993 0.831865 0.544773 -0.096374
1311868203.573541 0.069966 -1.837721 3.313106 0.043024 0.833854 0.542715 -0.091088
1311868203.605369 0.079104 -1.820270 3.280624 0.038658 0.831587 0.546697 -0.089949
1311868203.673562 0.046882 -1.853830 3.283335 0.042431 0.833436 0.544676 -0.083138
1311868203.705515 0.051858 -1.854522 3.287956 0.040181 0.835404 0.541943 -0.082359
1311868203.737597 0.043751 -1.855191 3.283754 0.038651 0.835495 0.542558 -0.078004
1311868203.773697 0.040176 -1.858098 3.278722 0.037956 0.835333 0.543230 -0.075354
1311868203.805515 0.042441 -1.862593 3.273810 0.039330 0.834794 0.544273 -0.073072
1311868203.837454 0.044115 -1.856641 3.278066 0.038574 0.834337 0.545705 -0.067817
1311868203.905612 0.023808 -1.870986 3.255979 0.035130 0.826707 0.558945 -0.053865
1311868203.937698 0.003601 -1.872489 3.244480 0.037241 0.826889 0.558997 -0.048883
1311868203.973618 0.003128 -1.884097 3.241313 0.034217 0.827228 0.558654 -0.049293
1311868204.005472 0.011240 -1.858062 3.215769 0.031784 0.827685 0.557719 -0.053643
1311868204.037612 -0.005689 -1.893675 3.224124 0.031426 0.830275 0.554228 -0.049863
1311868204.073619 -0.007995 -1.890980 3.221526 0.029554 0.831785 0.552230 -0.047982
1311868204.105511 -0.011056 -1.898204 3.214286 0.027380 0.832159 0.551952 -0.045941
1311868204.137666 -0.021038 -1.907904 3.211225 0.028974 0.832930 0.551027 -0.041928
1311868204.173662 -0.019647 -1.906112 3.202254 0.028477 0.833409 0.550420 -0.040686
1311868204.205500 -0.036760 -1.915478 3.194699 0.030566 0.833709 0.550130 -0.036771
1311868204.237660 -0.042804 -1.922770 3.184877 0.031506 0.833553 0.550352 -0.036184
1311868204.273553 -0.043263 -1.917084 3.187072 0.028884 0.835353 0.547782 -0.035859
1311868204.305523 -0.056312 -1.926402 3.184422 0.030668 0.834471 0.549285 -0.031697
1311868204.337676 -0.056950 -1.926234 3.176988 0.028530 0.833266 0.551364 -0.029193
1311868204.373570 -0.054659 -1.923142 3.177239 0.027591 0.833324 0.551384 -0.028035
1311868204.405677 -0.067692 -1.935285 3.169486 0.029823 0.830938 0.555110 -0.022481
1311868204.437659 -0.066654 -1.932853 3.172077 0.029166 0.831227 0.554822 -0.019597
1311868204.473547 -0.059023 -1.911031 3.162909 0.027634 0.829411 0.557661 -0.018122
1311868204.537824 -0.100165 -1.951166 3.146474 0.027197 0.825950 0.563038 -0.007471
1311868204.573698 -0.100741 -1.955696 3.139818 0.023340 0.825750 0.563473 -0.009517
1311868204.605660 -0.121482 -1.952503 3.137980 0.025135 0.827633 0.560642 -0.008534
1311868204.637637 -0.121692 -1.970270 3.139107 0.022555 0.827709 0.560586 -0.011534
1311868204.673697 -0.124890 -1.971167 3.128437 0.019115 0.827785 0.560574 -0.012771
1311868204.705514 -0.127067 -1.978738 3.132079 0.016262 0.828399 0.559757 -0.012804
1311868204.737693 -0.130496 -1.980903 3.127115 0.014956 0.828076 0.560287 -0.011998
1311868204.773695 -0.134694 -1.978762 3.120807 0.014991 0.827718 0.560842 -0.010731
1311868204.837551 -0.128958 -1.983009 3.121527 0.019446 0.827445 0.561145 -0.008558
1311868204.873553 -0.112618 -1.987265 3.114341 0.018056 0.825622 0.563902 -0.005988
1311868204.905660 -0.113858 -1.968839 3.121934 0.024345 0.827641 0.560729 -0.000479
1311868204.937718 -0.169709 -2.004738 3.105192 0.031255 0.824207 0.565266 0.013421
1311868205.006015 -0.202456 -2.006664 3.092384 0.031164 0.826338 0.562195 0.011432
1311868205.037739 -0.194034 -2.006869 3.089138 0.027692 0.828122 0.559855 0.002906
1311868205.073567 -0.206688 -2.020721 3.085128 0.027473 0.828381 0.559491 0.000201
1311868205.137610 -0.183815 -2.024493 3.075888 0.020892 0.830891 0.555974 -0.008737
1311868205.173557 -0.212047 -2.030323 3.073155 0.027237 0.831512 0.554823 -0.004102
1311868205.205555 -0.203478 -2.044900 3.069909 0.023122 0.832079 0.554143 -0.005909
1311868205.237795 -0.216377 -2.041248 3.071065 0.025326 0.833959 0.551220 -0.005145
1311868205.273577 -0.166032 -2.022489 3.085062 0.015095 0.837958 0.545326 -0.014763
1311868205.305573 -0.202071 -2.051053 3.077796 0.018185 0.837412 0.546198 -0.008876
1311868205.337790 -0.195989 -2.051454 3.079989 0.015564 0.839862 0.542451 -0.011645
1311868205.373547 -0.192207 -2.057966 3.074067 0.013699 0.840404 0.541653 -0.012021
1311868205.405669 -0.196217 -2.058046 3.073323 0.015608 0.842406 0.538522 -0.010098
1311868205.437684 -0.199851 -2.059506 3.069449 0.018407 0.843551 0.536680 -0.007607
1311868205.473609 -0.199859 -2.067334 3.063994 0.019002 0.845227 0.534039 -0.005747
1311868205.505684 -0.203115 -2.073504 3.056061 0.020827 0.847232 0.530801 -0.003709
1311868205.537722 -0.187554 -2.069161 3.055859 0.019949 0.851431 0.524055 -0.005817
1311868205.573643 -0.195643 -2.074315 3.050798 0.023051 0.854813 0.518408 -0.004033
1311868205.605542 -0.179387 -2.062135 3.061586 0.022679 0.859659 0.510317 -0.006972
1311868205.637725 -0.197139 -2.079175 3.067765 0.026674 0.861214 0.507524 -0.004253
1311868205.705594 -0.205427 -2.083977 3.063875 0.024635 0.863962 0.502921 -0.005794
1311868205.737847 -0.200531 -2.084989 3.068329 0.023028 0.865614 0.500093 -0.009467
1311868205.773626 -0.203769 -2.085102 3.066841 0.023878 0.865955 0.499434 -0.010813
1311868205.805674 -0.202449 -2.088291 3.064222 0.022895 0.866297 0.498850 -0.012415
1311868205.837631 -0.204462 -2.084887 3.062190 0.022864 0.866759 0.498010 -0.013886
1311868205.905586 -0.203218 -2.093736 3.053432 0.022707 0.867804 0.496074 -0.017649
1311868205.937758 -0.207711 -2.094118 3.050799 0.023975 0.868918 0.494036 -0.018275
1311868205.973702 -0.205617 -2.101203 3.042847 0.021211 0.868857 0.494251 -0.018793
1311868206.005629 -0.205222 -2.092718 3.047300 0.020393 0.871212 0.490107 -0.019227
1311868206.037992 -0.210329 -2.097988 3.043757 0.020233 0.872161 0.488417 -0.019341
1311868206.105664 -0.207563 -2.106766 3.034748 0.019707 0.873993 0.484983 -0.023235
1311868206.137732 -0.210026 -2.109550 3.028889 0.022948 0.875173 0.482665 -0.024097
1311868206.173808 -0.193898 -2.099468 3.015848 0.018739 0.876718 0.479896 -0.026717
1311868206.205696 -0.204116 -2.109279 3.043089 0.021541 0.880788 0.472145 -0.028778
1311868206.237864 -0.201163 -2.109989 3.044869 0.020049 0.882320 0.468998 -0.033919
1311868206.305562 -0.204790 -2.107640 3.045207 0.015933 0.884127 0.465267 -0.039892
1311868206.337745 -0.199187 -2.107813 3.046916 0.014606 0.884908 0.463610 -0.042305
1311868206.405629 -0.193806 -2.110689 3.039500 0.012124 0.883365 0.466527 -0.043258
1311868206.437725 -0.199333 -2.103097 3.041983 0.012990 0.883516 0.466197 -0.043487
1311868206.473742 -0.189072 -2.098239 3.045869 0.010407 0.883527 0.466117 -0.044807
1311868206.505757 -0.194778 -2.101234 3.043705 0.014653 0.881802 0.469365 -0.043672
1311868206.537710 -0.193846 -2.095190 3.044911 0.014641 0.880913 0.471272 -0.040991
1311868206.573663 -0.196018 -2.086087 3.048623 0.012773 0.880209 0.472905 -0.037808
1311868206.637808 -0.184726 -2.068529 3.052501 0.002201 0.878808 0.475750 -0.036796
1311868206.673806 -0.204437 -2.067565 3.055972 0.002160 0.877717 0.477984 -0.033754
1311868206.705664 -0.201821 -2.066225 3.052800 -0.001818 0.876522 0.480127 -0.034416
1311868206.737742 -0.198299 -2.062523 3.057212 -0.004024 0.876012 0.481098 -0.033643
1311868206.805720 -0.197484 -2.049773 3.061108 -0.003943 0.874532 0.484136 -0.028130
1311868206.837709 -0.204718 -2.048074 3.062273 -0.003060 0.873605 0.486033 -0.024010
1311868206.873715 -0.207560 -2.047386 3.064104 -0.004867 0.873100 0.487044 -0.021467
1311868206.906005 -0.213780 -2.042294 3.063158 -0.005065 0.872234 0.488663 -0.019739
1311868206.938074 -0.217437 -2.039607 3.069597 -0.005206 0.872619 0.488017 -0.018647
1311868206.973664 -0.217860 -2.039696 3.076869 -0.005745 0.872145 0.488940 -0.016381
1311868207.005651 -0.219128 -2.037938 3.076756 -0.006841 0.870755 0.491498 -0.013010
1311868207.073774 -0.241849 -2.014633 3.057916 -0.010122 0.868640 0.495306 -0.005830
1311868207.105726 -0.237236 -2.031613 3.083918 -0.011194 0.869703 0.493398 -0.007045
1311868207.137747 -0.237687 -2.031935 3.088379 -0.013351 0.869240 0.494188 -0.004728
1311868207.205787 -0.235198 -2.022054 3.092899 -0.017524 0.868374 0.495600 0.000133
1311868207.237785 -0.243788 -2.017954 3.103177 -0.016405 0.868917 0.494672 0.003721
1311868207.273845 -0.252336 -2.021083 3.103193 -0.014830 0.867557 0.497061 0.007460
1311868207.305734 -0.258957 -2.022484 3.104169 -0.013715 0.866568 0.498761 0.010453
1311868207.337883 -0.262638 -2.018961 3.106931 -0.011699 0.865845 0.500025 0.012238
1311868207.405766 -0.280642 -2.014849 3.119186 -0.005918 0.865321 0.500835 0.018656
1311868207.437999 -0.279288 -2.009371 3.119057 -0.004536 0.864042 0.503063 0.018379
1311868207.473631 -0.295150 -2.007044 3.120402 -0.000513 0.863165 0.504525 0.019999
1311868207.505671 -0.291955 -1.996936 3.128129 -0.004037 0.864183 0.502819 0.018584
1311868207.537787 -0.303115 -1.998453 3.131357 -0.003384 0.863376 0.504218 0.018265
1311868207.573858 -0.301363 -1.993078 3.132531 -0.005541 0.863043 0.504851 0.015847
1311868207.605696 -0.327352 -1.975556 3.123843 -0.002180 0.862040 0.506454 0.019639
1311868207.637684 -0.332880 -1.992625 3.144993 0.000905 0.862172 0.506289 0.018145
1311868207.673813 -0.335928 -1.991962 3.146676 0.000328 0.860879 0.508474 0.018477
1311868207.705850 -0.335670 -1.985759 3.150827 -0.002170 0.860580 0.508993 0.017963
1311868207.737830 -0.336110 -1.984321 3.152888 -0.004734 0.859584 0.510682 0.017245
1311868207.773705 -0.354523 -1.985711 3.156381 -0.002406 0.858522 0.512424 0.018856
1311868207.805764 -0.365865 -1.978023 3.163941 -0.000731 0.858574 0.512325 0.019326
1311868207.837900 -0.360512 -1.970182 3.168318 -0.003162 0.858388 0.512723 0.016604
1311868207.873905 -0.370166 -1.978965 3.164303 -0.003475 0.855958 0.516787 0.015955
1311868207.905716 -0.370894 -1.973894 3.170811 -0.005419 0.855925 0.516885 0.013878
1311868207.937792 -0.380247 -1.962750 3.182721 -0.005215 0.856921 0.515244 0.013532
1311868207.973830 -0.381616 -1.958603 3.185785 -0.006958 0.856458 0.516022 0.012340
1311868208.005771 -0.381446 -1.960838 3.187911 -0.007324 0.855429 0.517752 0.010976
1311868208.037660 -0.395569 -1.961321 3.195248 -0.005177 0.855020 0.518421 0.012376
1311868208.073670 -0.390859 -1.967885 3.194004 -0.007927 0.852994 0.521749 0.010776
1311868208.137703 -0.397005 -1.928860 3.193477 -0.013970 0.852483 0.522412 0.012788
1311868208.173832 -0.389477 -1.945762 3.221533 -0.014685 0.852905 0.521778 0.009220
1311868208.237842 -0.407286 -1.951513 3.230994 -0.017421 0.850722 0.525220 0.010626
1311868208.273904 -0.403645 -1.943623 3.238307 -0.019686 0.850479 0.525565 0.008887
1311868208.337811 -0.417228 -1.939743 3.249479 -0.017136 0.848938 0.528098 0.011104
1311868208.373775 -0.409156 -1.940371 3.254454 -0.018662 0.848094 0.529420 0.010129
1311868208.437928 -0.434256 -1.934518 3.266355 -0.011787 0.846755 0.531650 0.014679
1311868208.473867 -0.429336 -1.932814 3.272425 -0.013063 0.845972 0.532910 0.012939
1311868208.537898 -0.449094 -1.936069 3.278450 -0.009621 0.844314 0.535573 0.014231
1311868208.573867 -0.450207 -1.932293 3.279016 -0.011686 0.844625 0.535023 0.014912
1311868208.637812 -0.461543 -1.929153 3.284480 -0.006564 0.842958 0.537711 0.015692
1311868208.673890 -0.457287 -1.895590 3.271384 -0.011313 0.841492 0.539921 0.015774
1311868208.737756 -0.488318 -1.914036 3.304776 0.000195 0.840001 0.542260 0.018752
1311868208.773982 -0.493865 -1.912249 3.308322 0.000596 0.838175 0.545068 0.019048
1311868208.837756 -0.504383 -1.895898 3.313921 0.002828 0.835721 0.548861 0.017747
1311868208.873831 -0.499276 -1.898724 3.320793 0.001043 0.834113 0.551366 0.015819
1311868208.937746 -0.516810 -1.885295 3.321131 0.005543 0.831416 0.555328 0.018079
1311868208.973765 -0.517644 -1.894000 3.325570 0.006566 0.829753 0.557862 0.015996
1311868209.037800 -0.517832 -1.886798 3.318297 0.002598 0.826733 0.562400 0.014563
1311868209.073793 -0.513743 -1.876092 3.323702 0.001157 0.826694 0.562534 0.011432
1311868209.137783 -0.521231 -1.861424 3.333946 0.002374 0.825724 0.563997 0.009021
1311868209.173775 -0.526193 -1.855684 3.333645 0.003472 0.824125 0.566315 0.009671
1311868209.237811 -0.525275 -1.845646 3.332590 0.001460 0.821060 0.570732 0.011092
1311868209.273776 -0.504785 -1.812562 3.308980 -0.007698 0.819230 0.573351 0.008502
1311868209.305793 -0.520305 -1.831734 3.332398 -0.001743 0.820365 0.571732 0.011010
1311868209.341866 -0.533927 -1.825999 3.329660 0.000288 0.819395 0.573083 0.012991
1311868209.405777 -0.542538 -1.823179 3.323204 0.005109 0.816342 0.577474 0.009126
1311868209.441953 -0.547434 -1.811661 3.330790 0.008766 0.817017 0.576487 0.008325
1311868209.505812 -0.535919 -1.795982 3.327202 0.010475 0.817325 0.576074 0.003063
1311868209.541800 -0.544898 -1.790079 3.326236 0.011543 0.817809 0.575341 0.006120
1311868209.606012 -0.564080 -1.789041 3.313006 0.012261 0.815872 0.577973 0.012207
1311868209.642092 -0.566591 -1.782087 3.313424 0.014670 0.816018 0.577693 0.013029
1311868209.705861 -0.560802 -1.772278 3.307582 0.015749 0.815160 0.578808 0.015726
1311868209.741975 -0.569986 -1.769416 3.300494 0.015927 0.814309 0.579905 0.018895
1311868209.805796 -0.580078 -1.766418 3.294725 0.013153 0.814336 0.579873 0.020764
1311868209.841897 -0.567303 -1.755135 3.296015 0.009195 0.815884 0.577931 0.015634
1311868209.905787 -0.563618 -1.723455 3.265481 -0.002686 0.814465 0.580047 0.013624
1311868209.942127 -0.598808 -1.743274 3.287196 0.004399 0.817260 0.575872 0.020942
1311868210.005883 -0.599369 -1.736637 3.286581 0.006184 0.818569 0.573935 0.022498
1311868210.042009 -0.590045 -1.729497 3.290907 0.006542 0.820469 0.571268 0.020963
1311868210.073822 -0.601475 -1.731074 3.286707 0.007581 0.819921 0.571875 0.025107
1311868210.105867 -0.606629 -1.727630 3.285285 0.007274 0.820482 0.570953 0.027723
1311868210.141864 -0.597848 -1.717473 3.293011 0.005808 0.822491 0.568187 0.025289
1311868210.173922 -0.609708 -1.715520 3.290534 0.004778 0.822391 0.568198 0.028308
1311868210.205786 -0.603872 -1.710890 3.291877 0.003894 0.823157 0.567168 0.026781
1311868210.241903 -0.602536 -1.707649 3.290975 0.002946 0.822921 0.567498 0.027165
1311868210.305977 -0.612388 -1.708209 3.289507 0.004914 0.821324 0.569576 0.031402
1311868210.341851 -0.609854 -1.703409 3.292962 0.005614 0.820911 0.570122 0.032163
1311868210.405885 -0.605789 -1.699859 3.287345 0.004196 0.818292 0.573816 0.033395
1311868210.441961 -0.612795 -1.687564 3.297720 0.006276 0.819668 0.571712 0.035366
1311868210.473857 -0.612138 -1.689657 3.291706 0.006031 0.817715 0.574523 0.035041
1311868210.505879 -0.611670 -1.695305 3.281920 0.004325 0.815822 0.577225 0.035030
1311868210.541924 -0.609819 -1.690344 3.290348 0.006308 0.817659 0.574638 0.034422
1311868210.573923 -0.617618 -1.689012 3.290042 0.009245 0.817499 0.574650 0.037259
1311868210.605964 -0.609516 -1.684787 3.290050 0.010463 0.817831 0.574225 0.036178
1311868210.642018 -0.603795 -1.685239 3.284195 0.010520 0.816512 0.576120 0.035829
1311868210.673897 -0.617913 -1.691596 3.283173 0.012104 0.815468 0.577268 0.040334
1311868210.705897 -0.623325 -1.684716 3.285604 0.012135 0.816766 0.575219 0.043225
1311868210.742133 -0.622824 -1.683791 3.284013 0.010347 0.817151 0.574647 0.044021
1311868210.774018 -0.619072 -1.684618 3.284653 0.007932 0.818027 0.573422 0.044230
1311868210.805942 -0.625491 -1.684125 3.285628 0.006553 0.819004 0.571716 0.048276
1311868210.841882 -0.633771 -1.683015 3.282015 0.006649 0.819168 0.571102 0.052550
1311868210.873988 -0.633096 -1.681894 3.283816 0.005418 0.820551 0.568983 0.054079
1311868210.905826 -0.626626 -1.677318 3.289719 0.005590 0.822038 0.566843 0.053960
1311868210.942021 -0.612941 -1.672400 3.258308 -0.001998 0.817666 0.573050 0.055062
1311868210.974235 -0.666036 -1.682786 3.290567 0.007681 0.821449 0.566265 0.067132
1311868211.005839 -0.664196 -1.674441 3.295307 0.007287 0.822661 0.564445 0.067653
1311868211.041878 -0.676213 -1.689394 3.279949 0.004283 0.818790 0.569643 0.071210
1311868211.074009 -0.686145 -1.686724 3.281234 0.002959 0.819172 0.568845 0.073237
1311868211.106006 -0.685891 -1.671964 3.292215 0.002685 0.822097 0.564702 0.072530
1311868211.142002 -0.675521 -1.680688 3.287880 -0.000969 0.820815 0.566957 0.069440
1311868211.174051 -0.703539 -1.676312 3.287852 0.001792 0.820612 0.566348 0.076430
1311868211.205845 -0.692632 -1.677029 3.290088 0.001560 0.820910 0.566457 0.072326
1311868211.241987 -0.707150 -1.680687 3.287517 0.002051 0.819450 0.567996 0.076668
1311868211.274088 -0.726644 -1.663653 3.296537 0.004292 0.821552 0.564006 0.083253
1311868211.306090 -0.697760 -1.663999 3.258623 -0.005371 0.815247 0.573668 0.079041
1311868211.342241 -0.751370 -1.670471 3.290571 0.000193 0.819005 0.566707 0.089851
1311868211.374052 -0.752642 -1.670476 3.288241 -0.003011 0.818653 0.567409 0.088575
1311868211.406119 -0.773173 -1.668073 3.292149 -0.001234 0.818999 0.566436 0.091596
1311868211.442216 -0.780325 -1.666786 3.295194 -0.001997 0.819012 0.566260 0.092547
1311868211.473939 -0.783466 -1.667672 3.295978 -0.002049 0.818473 0.567085 0.092267
1311868211.505937 -0.792974 -1.670098 3.296208 -0.004106 0.818342 0.566876 0.094610
1311868211.541927 -0.804182 -1.671745 3.299001 -0.004991 0.818440 0.566406 0.096517
1311868211.573950 -0.812158 -1.671048 3.297406 -0.006792 0.818363 0.566199 0.098260
1311868211.606012 -0.799968 -1.670924 3.302989 -0.008490 0.819247 0.565800 0.092909
1311868211.642009 -0.824034 -1.669402 3.303729 -0.007027 0.818905 0.565360 0.098554
1311868211.674030 -0.834365 -1.670797 3.305543 -0.007054 0.818321 0.565864 0.100490
1311868211.706002 -0.821784 -1.683938 3.299069 -0.012802 0.815962 0.569724 0.097248
1311868211.742056 -0.806096 -1.659598 3.276328 -0.017495 0.813739 0.572932 0.096284
1311868211.773982 -0.860951 -1.660926 3.305762 -0.010175 0.817264 0.566285 0.106290
1311868211.806164 -0.862117 -1.659558 3.311166 -0.011118 0.817693 0.566111 0.103793
1311868211.842132 -0.874787 -1.657532 3.312102 -0.009896 0.817601 0.566107 0.104658
1311868211.873907 -0.881070 -1.662886 3.312067 -0.009297 0.816391 0.567873 0.104587
1311868211.906024 -0.898574 -1.665308 3.306582 -0.008198 0.814233 0.570281 0.108335
1311868211.942293 -0.909690 -1.652376 3.321599 -0.005193 0.816913 0.566408 0.108662
1311868211.974041 -0.902725 -1.667189 3.312963 -0.008455 0.813968 0.571281 0.104987
1311868212.005902 -0.912158 -1.659015 3.320636 -0.009417 0.815365 0.569180 0.105477
1311868212.042182 -0.932450 -1.665759 3.309488 -0.009472 0.812482 0.572810 0.108041
1311868212.074044 -0.922035 -1.656350 3.326449 -0.009427 0.815540 0.569632 0.101611
1311868212.105906 -0.934787 -1.660089 3.331421 -0.008752 0.815105 0.570117 0.102445
1311868212.142105 -0.931126 -1.652597 3.332106 -0.009672 0.815021 0.570401 0.101442
1311868212.174023 -0.936442 -1.668114 3.317679 -0.012635 0.811573 0.575233 0.101469
1311868212.206126 -0.938267 -1.667686 3.319178 -0.012951 0.811912 0.575104 0.099432
1311868212.242313 -0.912011 -1.654112 3.302788 -0.017952 0.810174 0.578466 0.093129
1311868212.274255 -0.939774 -1.668957 3.324931 -0.013157 0.813099 0.573645 0.098121
1311868212.306028 -0.950808 -1.669609 3.321452 -0.012955 0.812616 0.573957 0.100301
1311868212.342124 -0.944488 -1.676765 3.314094 -0.016163 0.811329 0.576062 0.098164
1311868212.374157 -0.964932 -1.669460 3.324564 -0.013738 0.813660 0.572427 0.100482
1311868212.406130 -0.958497 -1.673378 3.316705 -0.014031 0.812521 0.574881 0.095526
1311868212.442138 -0.959781 -1.671423 3.325074 -0.013291 0.814421 0.572750 0.092197
1311868212.474044 -0.960857 -1.670029 3.323871 -0.012989 0.814662 0.572778 0.089898
1311868212.506032 -0.968264 -1.670696 3.321738 -0.011471 0.815074 0.572334 0.089196
1311868212.542167 -0.973256 -1.670181 3.322530 -0.011535 0.815858 0.571254 0.088945
1311868212.574023 -0.976848 -1.668962 3.329609 -0.009932 0.817209 0.569650 0.086999
1311868212.606112 -0.977071 -1.669610 3.319701 -0.012067 0.817065 0.569988 0.085862
1311868212.642096 -0.992257 -1.672470 3.315629 -0.009798 0.816554 0.570725 0.086124
1311868212.674200 -0.976775 -1.668919 3.314259 -0.012586 0.817486 0.570132 0.080663
1311868212.706878 -0.994487 -1.670406 3.303856 -0.010707 0.816234 0.571540 0.083602
1311868212.742196 -0.988973 -1.670278 3.312726 -0.011831 0.818637 0.568595 0.079956
1311868212.773943 -0.994448 -1.667741 3.305914 -0.011854 0.818119 0.569265 0.080485
1311868212.806006 -0.997429 -1.671687 3.293697 -0.012542 0.816538 0.571536 0.080344
1311868212.842064 -0.990658 -1.671625 3.297521 -0.014953 0.817767 0.570123 0.077418
1311868212.874075 -0.991200 -1.672299 3.291363 -0.016897 0.817300 0.570784 0.077083
1311868212.906161 -1.002929 -1.666894 3.298686 -0.016249 0.819254 0.567888 0.077861
1311868212.942123 -1.002495 -1.666765 3.291098 -0.018641 0.818794 0.568621 0.076803
1311868212.974154 -1.002963 -1.665778 3.287920 -0.019002 0.819314 0.568024 0.075575
1311868213.006193 -1.008727 -1.664947 3.283446 -0.017619 0.818776 0.568754 0.076244
1311868213.042223 -1.018898 -1.663052 3.280646 -0.014882 0.818593 0.568836 0.078166
1311868213.073951 -1.016048 -1.661533 3.282647 -0.014692 0.819335 0.567786 0.078060
1311868213.106053 -1.012340 -1.663784 3.271635 -0.017361 0.818198 0.569187 0.079229
1311868213.142119 -1.028032 -1.660457 3.276376 -0.015307 0.819330 0.567115 0.082734
1311868213.174219 -1.024573 -1.661041 3.259295 -0.019532 0.818306 0.568067 0.085406
1311868213.206347 -1.031471 -1.656186 3.259921 -0.018914 0.819799 0.565503 0.088197
1311868213.242209 -1.017856 -1.657498 3.252914 -0.022062 0.820220 0.564850 0.087733
1311868213.274014 -1.004685 -1.641341 3.230838 -0.024187 0.818651 0.567303 0.085984
1311868213.306151 -1.024513 -1.659294 3.242451 -0.019336 0.820789 0.563390 0.092327
1311868213.342368 -1.028394 -1.661589 3.235800 -0.021282 0.821012 0.562569 0.094880
1311868213.374390 -1.038821 -1.657106 3.231566 -0.019338 0.821182 0.561894 0.097783
1311868213.406010 -1.040321 -1.655069 3.228539 -0.018864 0.821004 0.562094 0.098221
1311868213.442300 -1.051491 -1.659204 3.211296 -0.019569 0.818365 0.565084 0.102834
1311868213.474546 -1.040369 -1.649885 3.224973 -0.019350 0.820703 0.562155 0.100266
1311868213.506347 -1.057743 -1.649647 3.211049 -0.019963 0.818458 0.564196 0.106819
1311868213.542189 -1.041506 -1.646503 3.216968 -0.024106 0.819897 0.562552 0.103555
1311868213.574297 -1.046835 -1.647583 3.209944 -0.026501 0.818968 0.563271 0.106371
1311868213.608357 -1.043856 -1.639860 3.213207 -0.026874 0.819986 0.561756 0.106447
1311868213.642086 -1.046787 -1.644363 3.198095 -0.031865 0.817908 0.563854 0.109907
1311868213.674238 -1.055703 -1.641026 3.196336 -0.031878 0.818741 0.562238 0.111964
1311868213.706267 -1.066886 -1.639654 3.188178 -0.031602 0.818424 0.562053 0.115240
1311868213.742210 -1.057766 -1.637323 3.192415 -0.031594 0.820170 0.560192 0.111837
1311868213.774084 -1.058013 -1.627831 3.197384 -0.027081 0.821995 0.557976 0.110692
1311868213.806247 -1.069043 -1.631637 3.189133 -0.024159 0.820988 0.559182 0.112741
1311868213.842211 -1.066958 -1.625915 3.192104 -0.021108 0.822268 0.557635 0.111678
1311868213.874145 -1.072705 -1.626423 3.186462 -0.020589 0.822219 0.557400 0.113300
1311868213.906335 -1.076242 -1.628404 3.177872 -0.021530 0.821811 0.557696 0.114625
1311868213.942213 -1.076110 -1.628645 3.175397 -0.022121 0.822485 0.556724 0.114405
1311868213.974085 -1.061687 -1.612460 3.148117 -0.030262 0.821000 0.558668 0.113722
1311868214.006317 -1.079904 -1.631023 3.160889 -0.024528 0.823052 0.554775 0.119197
1311868214.042178 -1.084527 -1.631616 3.158910 -0.022950 0.823580 0.553301 0.122672
1311868214.074100 -1.070826 -1.628282 3.167576 -0.021691 0.825927 0.550434 0.119984
1311868214.106187 -1.074996 -1.632659 3.156814 -0.018384 0.824301 0.552532 0.122057
1311868214.142287 -1.087699 -1.628944 3.154884 -0.012628 0.823727 0.552769 0.125543
1311868214.174039 -1.073648 -1.622437 3.162772 -0.009296 0.825053 0.551426 0.123012
1311868214.206335 -1.076228 -1.620814 3.160931 -0.005195 0.824187 0.552039 0.126264
1311868214.242159 -1.090102 -1.622993 3.151572 -0.005475 0.822851 0.552308 0.133574
1311868214.274221 -1.090697 -1.620591 3.154116 -0.005990 0.823892 0.550479 0.134683
1311868214.306406 -1.075019 -1.617355 3.155920 -0.006991 0.825442 0.549432 0.129314
1311868214.342288 -1.080481 -1.618212 3.153306 -0.007636 0.825693 0.548901 0.129923
1311868214.374244 -1.087810 -1.621455 3.151406 -0.007491 0.825090 0.549367 0.131779
1311868214.406227 -1.092658 -1.619340 3.146956 -0.005442 0.824556 0.549690 0.133861
1311868214.442184 -1.091837 -1.620922 3.142910 -0.004830 0.824011 0.550057 0.135717
1311868214.474262 -1.112533 -1.616489 3.135056 -0.002676 0.823152 0.549395 0.143453
1311868214.506579 -1.095516 -1.614637 3.142560 -0.006358 0.824919 0.547246 0.141388
1311868214.542302 -1.111041 -1.619652 3.127578 -0.008081 0.822668 0.549122 0.147026
1311868214.574356 -1.111551 -1.617394 3.127574 -0.008443 0.823284 0.547986 0.147794
1311868214.606407 -1.101045 -1.609207 3.140685 -0.008526 0.825912 0.544283 0.146807
1311868214.642280 -1.112151 -1.614521 3.132758 -0.009603 0.824493 0.544553 0.153559
1311868214.674410 -1.113455 -1.610396 3.130899 -0.009115 0.824546 0.543354 0.157504
1311868214.706198 -1.106579 -1.598159 3.099430 -0.015913 0.821388 0.546812 0.161447
1311868214.742333 -1.135389 -1.609097 3.116717 -0.009449 0.823362 0.541462 0.169716
1311868214.774481 -1.124338 -1.609990 3.124169 -0.011778 0.825020 0.538876 0.169752
1311868214.806468 -1.128747 -1.607508 3.122284 -0.013374 0.825370 0.536532 0.175267
1311868214.842297 -1.129176 -1.608329 3.114465 -0.016609 0.825125 0.535114 0.180405
1311868214.874290 -1.130719 -1.609049 3.112982 -0.017462 0.825538 0.533013 0.184605
1311868214.906326 -1.143393 -1.609129 3.107589 -0.015843 0.824051 0.533032 0.191225
1311868214.942194 -1.140270 -1.605743 3.107935 -0.016060 0.823756 0.532273 0.194558
1311868214.974404 -1.134033 -1.592540 3.074831 -0.023082 0.819094 0.536886 0.200762
1311868215.006391 -1.157770 -1.605232 3.092324 -0.023081 0.820989 0.531416 0.207464
1311868215.042220 -1.169389 -1.604913 3.088334 -0.026216 0.820820 0.529660 0.212197
1311868215.074234 -1.167431 -1.607202 3.084383 -0.029826 0.820799 0.529135 0.213108
1311868215.106202 -1.166524 -1.604749 3.082347 -0.030978 0.821409 0.527647 0.214281
1311868215.142266 -1.180958 -1.605608 3.081021 -0.030610 0.821380 0.525284 0.220168
1311868215.174343 -1.194819 -1.597380 3.067318 -0.029907 0.820028 0.523778 0.228727
1311868215.206366 -1.187561 -1.606019 3.071696 -0.033667 0.820591 0.522624 0.228824
1311868215.242259 -1.178286 -1.607338 3.068073 -0.036226 0.820802 0.522237 0.228561
1311868215.274353 -1.200626 -1.605580 3.056969 -0.035428 0.819246 0.521395 0.236068
1311868215.306401 -1.198859 -1.605031 3.052511 -0.038176 0.819161 0.520650 0.237573
1311868215.342475 -1.166161 -1.596667 3.029348 -0.044627 0.816853 0.525218 0.234319
1311868215.374240 -1.212818 -1.608298 3.036210 -0.039539 0.816527 0.521252 0.244986
1311868215.406376 -1.205258 -1.610208 3.038442 -0.041173 0.817074 0.520278 0.244962
1311868215.442338 -1.207923 -1.608910 3.029427 -0.040798 0.816273 0.519987 0.248287
1311868215.474499 -1.204454 -1.612632 3.022058 -0.042100 0.815604 0.520232 0.249754
1311868215.506308 -1.216942 -1.612822 3.010468 -0.042257 0.814817 0.518590 0.255640
1311868215.542336 -1.216848 -1.613566 3.010100 -0.042476 0.815790 0.516538 0.256654
1311868215.574139 -1.208847 -1.621366 3.007222 -0.043334 0.815890 0.517048 0.255161
1311868215.606249 -1.226018 -1.615251 2.990473 -0.038208 0.814384 0.516833 0.261154
1311868215.642404 -1.215129 -1.621220 2.991598 -0.039041 0.816144 0.513944 0.261241
1311868215.674534 -1.208503 -1.623929 2.991073 -0.040144 0.816554 0.511489 0.264586
1311868215.706473 -1.219190 -1.619551 2.984298 -0.038966 0.815925 0.508360 0.272615
1311868215.742205 -1.221069 -1.624651 2.972714 -0.040215 0.814221 0.508113 0.277934
1311868215.774735 -1.216245 -1.629505 2.968824 -0.041320 0.813930 0.507648 0.279471
1311868215.806559 -1.164976 -1.629417 2.955898 -0.049691 0.812898 0.511585 0.273878
1311868215.842289 -1.202567 -1.637193 2.970642 -0.044129 0.815253 0.504546 0.280801
1311868215.874205 -1.202560 -1.638139 2.966156 -0.042743 0.815592 0.503581 0.281762
1311868215.906403 -1.197523 -1.639102 2.966215 -0.041705 0.815931 0.502856 0.282228
1311868215.942381 -1.198055 -1.639850 2.957888 -0.039939 0.815313 0.502365 0.285130
1311868215.974271 -1.200789 -1.645312 2.945951 -0.039092 0.813662 0.503276 0.288337
1311868216.006524 -1.203002 -1.645673 2.940745 -0.038036 0.813414 0.502865 0.289891
1311868216.042488 -1.199017 -1.645808 2.933333 -0.036366 0.813039 0.503436 0.290169
1311868216.074212 -1.203355 -1.656257 2.923787 -0.036351 0.811993 0.504228 0.291720
1311868216.106321 -1.202899 -1.651948 2.917620 -0.034609 0.812587 0.503519 0.291500
1311868216.142434 -1.201115 -1.659797 2.911856 -0.033969 0.813578 0.503282 0.289212
1311868216.174227 -1.202097 -1.662902 2.901877 -0.032696 0.813698 0.502634 0.290147
1311868216.206326 -1.198082 -1.662749 2.902530 -0.031782 0.814380 0.501741 0.289880
1311868216.242946 -1.200877 -1.668147 2.891996 -0.030237 0.813559 0.502357 0.291281
1311868216.275879 -1.200507 -1.675714 2.888045 -0.029303 0.814486 0.501064 0.291013
1311868216.306682 -1.198880 -1.673986 2.889648 -0.028466 0.815043 0.499575 0.292095
1311868216.342596 -1.198919 -1.681817 2.887477 -0.030259 0.814389 0.498840 0.294981
1311868216.374273 -1.161831 -1.677111 2.868052 -0.036569 0.812045 0.503104 0.293482
1311868216.406671 -1.188385 -1.687818 2.888410 -0.030859 0.814652 0.498470 0.294818
1311868216.442339 -1.188619 -1.686706 2.881333 -0.030636 0.814772 0.498850 0.293866
1311868216.474357 -1.197705 -1.685364 2.879071 -0.030221 0.816173 0.496898 0.293327
1311868216.506418 -1.200348 -1.682408 2.870334 -0.029589 0.816796 0.496637 0.292095
1311868216.542390 -1.201715 -1.686994 2.861550 -0.030204 0.816906 0.497239 0.290699
1311868216.574328 -1.206535 -1.690643 2.851691 -0.028465 0.816454 0.498480 0.290019
1311868216.606527 -1.201293 -1.690695 2.846512 -0.025617 0.816822 0.498995 0.288356
1311868216.642461 -1.200663 -1.694248 2.842983 -0.025023 0.817000 0.498388 0.288954
1311868216.674349 -1.188539 -1.703214 2.852323 -0.024870 0.819236 0.496446 0.285964
1311868216.706576 -1.209381 -1.700721 2.828400 -0.019363 0.815940 0.496938 0.294822
1311868216.742454 -1.202364 -1.706659 2.831310 -0.019264 0.817927 0.494812 0.292890
1311868216.774257 -1.215667 -1.711931 2.818526 -0.015699 0.817918 0.493500 0.295333
1311868216.806393 -1.209711 -1.713791 2.819786 -0.014878 0.820303 0.491048 0.292837
1311868216.842459 -1.216961 -1.713259 2.812059 -0.014475 0.820726 0.488376 0.296122
1311868216.874405 -1.219227 -1.724531 2.808440 -0.015238 0.820932 0.488116 0.295942
1311868216.906366 -1.217008 -1.721334 2.806876 -0.016796 0.822234 0.486054 0.295636
1311868216.942380 -1.226400 -1.721632 2.806152 -0.015727 0.823663 0.483723 0.295541
1311868216.974559 -1.218509 -1.726238 2.799658 -0.016726 0.824125 0.484793 0.292429
1311868217.006426 -1.221057 -1.731251 2.800332 -0.017034 0.824758 0.484178 0.291644
1311868217.042435 -1.225524 -1.725206 2.803796 -0.017421 0.825449 0.482987 0.291641
1311868217.074615 -1.222993 -1.737313 2.795925 -0.020936 0.823524 0.487143 0.289935
1311868217.106679 -1.197099 -1.722852 2.772950 -0.025953 0.822053 0.491033 0.287128
1311868217.143747 -1.215779 -1.743216 2.795736 -0.022451 0.825782 0.486831 0.283858
1311868217.174613 -1.212696 -1.747555 2.794611 -0.023186 0.827305 0.485484 0.281663
1311868217.206576 -1.212338 -1.748475 2.789435 -0.021625 0.829741 0.482374 0.279962
1311868217.242361 -1.215173 -1.753772 2.788472 -0.020723 0.831825 0.478848 0.279896
1311868217.274712 -1.228685 -1.749707 2.782832 -0.017715 0.832729 0.475739 0.282703
1311868217.307288 -1.220674 -1.754414 2.783179 -0.017720 0.834354 0.474662 0.279706
1311868217.342453 -1.212098 -1.763174 2.786438 -0.018997 0.836678 0.472456 0.276394
1311868217.374311 -1.222846 -1.762744 2.779245 -0.016299 0.836491 0.471625 0.278545
1311868217.406701 -1.217471 -1.766662 2.783233 -0.018991 0.838077 0.469071 0.277920
1311868217.442485 -1.228947 -1.760664 2.777819 -0.018193 0.838313 0.466680 0.281265
1311868217.475102 -1.217064 -1.770071 2.782949 -0.022925 0.839349 0.466297 0.278450
1311868217.506647 -1.232603 -1.757348 2.774382 -0.017980 0.838746 0.465935 0.281222
1311868217.542334 -1.226416 -1.761535 2.780512 -0.017952 0.839154 0.466439 0.279166
1311868217.574294 -1.218039 -1.763126 2.780747 -0.019669 0.838602 0.467699 0.278598
1311868217.606343 -1.222087 -1.765223 2.775181 -0.019267 0.836864 0.470136 0.279748
1311868217.642399 -1.216751 -1.761502 2.779304 -0.020207 0.837365 0.470390 0.277752
1311868217.674402 -1.225146 -1.760925 2.774918 -0.018699 0.836152 0.472147 0.278528
1311868217.706372 -1.213999 -1.759485 2.777861 -0.020993 0.836815 0.471914 0.276761
1311868217.742436 -1.213399 -1.757539 2.774754 -0.021080 0.836466 0.472248 0.277241
1311868217.775482 -1.213749 -1.755852 2.772354 -0.021013 0.835688 0.473282 0.277829
1311868217.806772 -1.208786 -1.748841 2.782559 -0.021790 0.837324 0.471161 0.276444
1311868217.842462 -1.215528 -1.751011 2.769066 -0.021824 0.835656 0.473156 0.278075
1311868217.874273 -1.208414 -1.749299 2.771918 -0.023820 0.837109 0.471630 0.276128
1311868217.906458 -1.208121 -1.749065 2.769502 -0.025390 0.838087 0.470101 0.275628
1311868217.942466 -1.202603 -1.750562 2.772346 -0.026396 0.839523 0.468929 0.273148
1311868217.975110 -1.201413 -1.751368 2.773953 -0.025746 0.840515 0.467553 0.272518
1311868218.006398 -1.203935 -1.747328 2.772959 -0.022964 0.841116 0.465906 0.273731
1311868218.042374 -1.198072 -1.750316 2.778383 -0.022914 0.841595 0.464810 0.274125
1311868218.074687 -1.194114 -1.744757 2.778164 -0.022801 0.841955 0.463162 0.275814
1311868218.106528 -1.193968 -1.745236 2.778083 -0.021735 0.842309 0.462202 0.276429
1311868218.142452 -1.195625 -1.744116 2.776712 -0.021236 0.842540 0.460875 0.277972
1311868218.174634 -1.192137 -1.741542 2.781927 -0.022063 0.843339 0.459499 0.277765
1311868218.206493 -1.195518 -1.738016 2.781579 -0.021076 0.842857 0.459775 0.278846
1311868218.242489 -1.191295 -1.731862 2.788685 -0.019779 0.843212 0.459568 0.278208
1311868218.274613 -1.195029 -1.731006 2.786076 -0.017574 0.841166 0.461753 0.280919
1311868218.306510 -1.193430 -1.728320 2.790834 -0.016393 0.840456 0.462593 0.281732
1311868218.342575 -1.193604 -1.726147 2.789915 -0.015969 0.839287 0.464454 0.282180
1311868218.374760 -1.207776 -1.712407 2.784695 -0.012630 0.838517 0.463784 0.285717
1311868218.410500 -1.194897 -1.716288 2.790081 -0.015836 0.839202 0.464784 0.281896
1311868218.442486 -1.204189 -1.713135 2.785172 -0.014178 0.838551 0.465524 0.282700
1311868218.474491 -1.210842 -1.709802 2.786111 -0.010981 0.838385 0.466419 0.281857
1311868218.510448 -1.206980 -1.703362 2.789727 -0.010956 0.838389 0.466741 0.281311
1311868218.542375 -1.213121 -1.706894 2.796476 -0.010459 0.838269 0.467193 0.280938
1311868218.574422 -1.225111 -1.701179 2.780930 -0.006968 0.836092 0.470295 0.282357
1311868218.610383 -1.219078 -1.694801 2.785529 -0.006488 0.838309 0.467393 0.280606
1311868218.642508 -1.232970 -1.702654 2.786698 -0.005944 0.838074 0.466770 0.282350
1311868218.674491 -1.216516 -1.693015 2.795263 -0.008029 0.839707 0.463552 0.282750
1311868218.710423 -1.230741 -1.702598 2.795922 -0.005369 0.837780 0.463997 0.287755
1311868218.742485 -1.234659 -1.686685 2.789442 -0.001903 0.836467 0.462204 0.294424
1311868218.774455 -1.230823 -1.690103 2.797797 -0.002574 0.837168 0.460345 0.295339
1311868218.810331 -1.238879 -1.681640 2.796811 -0.002731 0.837204 0.457751 0.299242
1311868218.842407 -1.246345 -1.686100 2.798089 -0.004138 0.837212 0.457125 0.300159
1311868218.874697 -1.248638 -1.681932 2.801855 -0.006528 0.837517 0.456616 0.300041
1311868218.910344 -1.259880 -1.667475 2.792838 -0.007278 0.835924 0.456991 0.303870
1311868218.942390 -1.266630 -1.670525 2.799056 -0.012695 0.835253 0.457916 0.304147
1311868218.974531 -1.264958 -1.669385 2.799497 -0.016247 0.834311 0.459925 0.303529
1311868219.010718 -1.273920 -1.653066 2.796959 -0.018598 0.834017 0.457569 0.307735
1311868219.042799 -1.269479 -1.655082 2.802669 -0.023294 0.834643 0.457516 0.305789
1311868219.074699 -1.271749 -1.657077 2.802789 -0.026256 0.834328 0.457511 0.306417
1311868219.110710 -1.256290 -1.639943 2.783832 -0.028938 0.832670 0.460266 0.306560
1311868219.142449 -1.272342 -1.645274 2.816772 -0.024790 0.835395 0.456042 0.305819
1311868219.174460 -1.269328 -1.642935 2.817556 -0.024825 0.834945 0.457056 0.305534
1311868219.210391 -1.284485 -1.628266 2.816047 -0.021574 0.834467 0.456012 0.308630
1311868219.242632 -1.287989 -1.624194 2.822643 -0.021033 0.834889 0.456139 0.307335
1311868219.274458 -1.284957 -1.611701 2.826322 -0.019821 0.835639 0.456012 0.305562
1311868219.310567 -1.301587 -1.604112 2.827986 -0.015385 0.834143 0.457866 0.307128
1311868219.342858 -1.314303 -1.581879 2.827758 -0.011433 0.833403 0.457111 0.310417
1311868219.374565 -1.320821 -1.573692 2.833710 -0.010878 0.832189 0.458301 0.311935
1311868219.410427 -1.317665 -1.578070 2.837833 -0.012834 0.830263 0.462213 0.311219
1311868219.442491 -1.313418 -1.570070 2.847425 -0.011951 0.829435 0.463241 0.311933
1311868219.474442 -1.300969 -1.557540 2.818075 -0.011273 0.822531 0.473053 0.315493
1311868219.510471 -1.324442 -1.555739 2.850443 -0.007831 0.822825 0.469143 0.320629
1311868219.543330 -1.333028 -1.539284 2.853970 -0.004554 0.820544 0.470263 0.324869
1311868219.574798 -1.328024 -1.537988 2.859032 -0.004562 0.819038 0.473413 0.324093
1311868219.610673 -1.329493 -1.538991 2.864151 -0.004778 0.817098 0.476661 0.324225
1311868219.642931 -1.339027 -1.527982 2.858751 -0.002334 0.814612 0.478591 0.327647
1311868219.674450 -1.349163 -1.511012 2.864324 0.004558 0.813457 0.479129 0.329701
1311868219.710785 -1.350868 -1.505463 2.866048 0.008926 0.811241 0.481635 0.331417
1311868219.742593 -1.351080 -1.497144 2.872105 0.009750 0.810246 0.481064 0.334638
1311868219.774534 -1.351998 -1.491303 2.878471 0.006965 0.810055 0.479084 0.337995
1311868219.810409 -1.355214 -1.491698 2.876709 0.008543 0.808478 0.480161 0.340198
1311868219.842777 -1.354228 -1.482760 2.881746 0.008884 0.809044 0.477606 0.342435
1311868219.874478 -1.362353 -1.480910 2.887847 0.012021 0.808297 0.478073 0.343449
1311868219.910641 -1.348373 -1.487470 2.888699 0.008379 0.807787 0.479519 0.342741
1311868219.942611 -1.363777 -1.473625 2.895825 0.014412 0.807033 0.478104 0.346274
1311868219.974873 -1.350399 -1.479120 2.895021 0.013472 0.805667 0.480612 0.346023
1311868220.010555 -1.329910 -1.472160 2.868356 0.010886 0.800237 0.488329 0.347902
1311868220.042788 -1.354665 -1.463861 2.900924 0.014819 0.803419 0.480262 0.351634
1311868220.074683 -1.357923 -1.458247 2.908087 0.015959 0.801477 0.482002 0.353630
1311868220.110558 -1.366624 -1.445762 2.904417 0.017284 0.797810 0.484816 0.357985
1311868220.142630 -1.362995 -1.447061 2.908832 0.015909 0.796081 0.487923 0.357679
1311868220.174706 -1.364103 -1.442210 2.914028 0.014957 0.795020 0.488784 0.358900
1311868220.210459 -1.366994 -1.437107 2.917913 0.015848 0.792957 0.491444 0.359794
1311868220.242513 -1.369688 -1.429099 2.924028 0.016531 0.791621 0.492636 0.361071
1311868220.274890 -1.372029 -1.422449 2.927953 0.016820 0.790371 0.493129 0.363119
1311868220.310675 -1.374129 -1.419624 2.935833 0.015426 0.788910 0.494534 0.364444
1311868220.342794 -1.375317 -1.415426 2.934900 0.012646 0.787514 0.495105 0.366787
1311868220.374967 -1.370570 -1.415001 2.940982 0.009080 0.787635 0.494955 0.366835
1311868220.410461 -1.382521 -1.415027 2.935485 0.009511 0.784004 0.497961 0.370515
1311868220.442609 -1.382977 -1.406055 2.946113 0.005950 0.784083 0.496332 0.372603
1311868220.474751 -1.390561 -1.393279 2.952406 0.004980 0.783409 0.495279 0.375424
1311868220.510865 -1.360921 -1.402546 2.941620 -0.001667 0.778195 0.506506 0.371297
1311868220.542610 -1.383592 -1.406718 2.954695 0.000045 0.777779 0.504166 0.375335
1311868220.574495 -1.395731 -1.390410 2.954993 -0.000620 0.775278 0.504713 0.379748
1311868220.611343 -1.389392 -1.394545 2.964103 -0.002985 0.774631 0.508359 0.376176
1311868220.642648 -1.394542 -1.397338 2.954437 -0.005497 0.770273 0.513847 0.377639
1311868220.674598 -1.400150 -1.389489 2.958215 -0.006753 0.769430 0.514673 0.378213
1311868220.710604 -1.404406 -1.385357 2.963939 -0.007361 0.769397 0.515274 0.377448
1311868220.742672 -1.411891 -1.381402 2.956166 -0.006616 0.766214 0.517993 0.380204
1311868220.774530 -1.407779 -1.383928 2.965453 -0.008135 0.765410 0.520431 0.378462
1311868220.810775 -1.410257 -1.391487 2.956775 -0.007459 0.761316 0.526067 0.378940
1311868220.842747 -1.412128 -1.387278 2.968427 -0.006098 0.762224 0.525757 0.377567
1311868220.874779 -1.419516 -1.381528 2.970040 -0.006123 0.760898 0.526512 0.379186
1311868220.910650 -1.426582 -1.378287 2.972541 -0.006396 0.760443 0.526689 0.379848
1311868220.942980 -1.420551 -1.381383 2.972866 -0.008549 0.760705 0.527983 0.377475
1311868220.974895 -1.433667 -1.370495 2.980003 -0.008906 0.762151 0.524157 0.379876
1311868221.010492 -1.433766 -1.379586 2.972024 -0.010127 0.759688 0.527773 0.379773
1311868221.042575 -1.451006 -1.349416 2.921465 -0.010585 0.748611 0.533731 0.393192
1311868221.074778 -1.458243 -1.352305 2.965418 -0.009832 0.758263 0.522742 0.389462
1311868221.110563 -1.457647 -1.356155 2.968396 -0.010756 0.757810 0.523911 0.388749
1311868221.142677 -1.455870 -1.356183 2.970645 -0.011747 0.757645 0.524949 0.387641
1311868221.174633 -1.459243 -1.353983 2.971751 -0.011285 0.757980 0.524636 0.387421
1311868221.210618 -1.466799 -1.351904 2.964348 -0.010545 0.756145 0.525667 0.389626
1311868221.242676 -1.464574 -1.350684 2.975187 -0.012153 0.758330 0.523797 0.387847
1311868221.274959 -1.466283 -1.351897 2.973154 -0.012918 0.758370 0.523224 0.388516
1311868221.311415 -1.470169 -1.349906 2.977309 -0.012979 0.759386 0.521565 0.388761
1311868221.342835 -1.473494 -1.349214 2.975360 -0.013624 0.758555 0.521984 0.389796
1311868221.374902 -1.474036 -1.351344 2.979266 -0.014641 0.759201 0.521483 0.389171
1311868221.410723 -1.477483 -1.348101 2.980530 -0.014971 0.760332 0.519529 0.389566
1311868221.442831 -1.478173 -1.353582 2.980084 -0.015670 0.760600 0.519643 0.388862
1311868221.474658 -1.481868 -1.350733 2.976484 -0.016456 0.759665 0.519762 0.390494
1311868221.510999 -1.488323 -1.343255 2.985728 -0.016239 0.761389 0.516862 0.390996
1311868221.543040 -1.484349 -1.350265 2.990297 -0.017088 0.762250 0.517796 0.388034
1311868221.574743 -1.486626 -1.347728 2.986428 -0.017357 0.761372 0.518671 0.388577
1311868221.610738 -1.488404 -1.349680 2.984947 -0.016327 0.760865 0.519957 0.387895
1311868221.642622 -1.493420 -1.345085 2.983259 -0.014458 0.760769 0.519856 0.388293
1311868221.674631 -1.496442 -1.344959 2.982476 -0.013170 0.761127 0.519778 0.387741
1311868221.711507 -1.495735 -1.349407 2.984554 -0.013594 0.761412 0.520372 0.386367
1311868221.742786 -1.494416 -1.350432 2.990024 -0.013011 0.762902 0.520264 0.383585
1311868221.775854 -1.492963 -1.351896 2.989892 -0.012847 0.763680 0.520635 0.381533
1311868221.810774 -1.498177 -1.349114 2.985475 -0.012550 0.763284 0.520914 0.381954
1311868221.842668 -1.490608 -1.364635 2.988058 -0.014610 0.763694 0.524370 0.376290
1311868221.874613 -1.504261 -1.344531 2.984289 -0.010868 0.764123 0.522522 0.378112
1311868221.910793 -1.498751 -1.355451 2.981647 -0.010836 0.762880 0.527282 0.373991
1311868221.942672 -1.506431 -1.349772 2.982318 -0.008473 0.763393 0.526051 0.374739
1311868221.975288 -1.505880 -1.353084 2.984721 -0.008657 0.764137 0.525510 0.373978
1311868222.010658 -1.503313 -1.353215 2.980054 -0.009466 0.764377 0.525732 0.373154
1311868222.042799 -1.506201 -1.351246 2.982513 -0.010142 0.766061 0.523811 0.372384
1311868222.077068 -1.513053 -1.350664 2.974241 -0.009703 0.764277 0.525346 0.373896
1311868222.110687 -1.512744 -1.350346 2.968838 -0.009580 0.763574 0.526691 0.373443
1311868222.142853 -1.516624 -1.344797 2.976774 -0.008714 0.765809 0.523985 0.372692
1311868222.174994 -1.517619 -1.348651 2.975470 -0.008923 0.765627 0.525334 0.371160
1311868222.210798 -1.519866 -1.341172 2.974785 -0.009412 0.767210 0.523585 0.370351
1311868222.242692 -1.510444 -1.355929 2.964843 -0.011805 0.765850 0.528354 0.366301
1311868222.275699 -1.515458 -1.349721 2.974253 -0.011102 0.767552 0.526393 0.365583
1311868222.310861 -1.521962 -1.346265 2.958816 -0.011156 0.765101 0.528248 0.368035
1311868222.343002 -1.520486 -1.348295 2.957561 -0.011389 0.764573 0.530150 0.366387
1311868222.375332 -1.536170 -1.329263 2.952895 -0.007516 0.764209 0.528028 0.370288
1311868222.410818 -1.525196 -1.341241 2.960262 -0.009180 0.765285 0.530206 0.364879
1311868222.442701 -1.491718 -1.389621 2.945353 -0.014695 0.760752 0.543968 0.353751
1311868222.474746 -1.570921 -1.284855 2.875050 -0.002724 0.750443 0.534457 0.388823
1311868222.510786 -1.562231 -1.288858 2.922034 -0.004485 0.761563 0.523321 0.382278
1311868222.542796 -1.559625 -1.294070 2.916781 -0.007487 0.760448 0.523674 0.383964
1311868222.574664 -1.561385 -1.292450 2.913989 -0.009191 0.759940 0.522058 0.387120
1311868222.610667 -1.559418 -1.292306 2.910040 -0.011130 0.759148 0.521153 0.389833
1311868222.643013 -1.562190 -1.291966 2.903807 -0.013209 0.757071 0.521239 0.393674
1311868222.674911 -1.565251 -1.286347 2.901256 -0.014538 0.756466 0.520152 0.396219
1311868222.710764 -1.562459 -1.289624 2.898549 -0.015111 0.754698 0.522982 0.395844
1311868222.742784 -1.564317 -1.287616 2.891729 -0.015068 0.752095 0.525051 0.398055
1311868222.774863 -1.568077 -1.281824 2.887932 -0.015015 0.750545 0.524488 0.401708
1311868222.810880 -1.571311 -1.282043 2.885554 -0.015759 0.749431 0.523854 0.404576
1311868222.842888 -1.570045 -1.283231 2.881594 -0.017452 0.748382 0.524153 0.406058
1311868222.875581 -1.574706 -1.284420 2.881229 -0.018746 0.747858 0.524392 0.406656
1311868222.910730 -1.578850 -1.274950 2.873921 -0.018754 0.746859 0.524852 0.407897
1311868222.943172 -1.594227 -1.261378 2.823751 -0.016986 0.735174 0.533479 0.417889
1311868222.974842 -1.585137 -1.271789 2.869437 -0.017739 0.746205 0.523270 0.411158
1311868223.012381 -1.587571 -1.272303 2.864479 -0.018689 0.744741 0.522457 0.414789
1311868223.043777 -1.587515 -1.273179 2.867901 -0.019934 0.745199 0.520902 0.415863
1311868223.076517 -1.586909 -1.275062 2.866521 -0.020348 0.746222 0.519593 0.415646
1311868223.110921 -1.594506 -1.268125 2.864362 -0.018424 0.746453 0.517813 0.417539
1311868223.143721 -1.587140 -1.273592 2.859556 -0.020604 0.745679 0.519384 0.416868
1311868223.174769 -1.592846 -1.269794 2.854022 -0.019897 0.745069 0.517835 0.419909
1311868223.210868 -1.595462 -1.270206 2.848963 -0.020284 0.743246 0.518163 0.422706
1311868223.242696 -1.595407 -1.267588 2.846349 -0.020506 0.742246 0.518232 0.424366
1311868223.275316 -1.596925 -1.266783 2.847863 -0.020610 0.742325 0.517790 0.424761
1311868223.310697 -1.595396 -1.268989 2.846638 -0.021459 0.741952 0.518658 0.424313
1311868223.343366 -1.598502 -1.263304 2.845388 -0.021930 0.742301 0.517347 0.425277
1311868223.375535 -1.605850 -1.257212 2.834030 -0.020920 0.740919 0.516752 0.428449
1311868223.410819 -1.604401 -1.255438 2.829784 -0.021122 0.740424 0.516453 0.429653
1311868223.444149 -1.609670 -1.252434 2.821518 -0.019743 0.739089 0.516050 0.432493
1311868223.479074 -1.607198 -1.255608 2.824864 -0.020209 0.739928 0.515409 0.431800
1311868223.511227 -1.610949 -1.255267 2.824802 -0.019330 0.740368 0.515027 0.431542
1311868223.542757 -1.605787 -1.263032 2.836550 -0.020624 0.742760 0.515947 0.426241
1311868223.576261 -1.609168 -1.254683 2.825486 -0.019274 0.742862 0.515674 0.426457
1311868223.610846 -1.611236 -1.255051 2.821119 -0.018231 0.743582 0.514434 0.426745
1311868223.642738 -1.615299 -1.257779 2.814026 -0.017657 0.742109 0.514477 0.429274
1311868223.674789 -1.609896 -1.264837 2.827202 -0.017176 0.744468 0.513693 0.426136
1311868223.710948 -1.615401 -1.255878 2.819307 -0.014627 0.743349 0.513184 0.428790
1311868223.742872 -1.618402 -1.255375 2.813259 -0.012904 0.742187 0.514483 0.429301
1311868223.774925 -1.618045 -1.255258 2.816860 -0.012297 0.742805 0.514640 0.428060
1311868223.810993 -1.621349 -1.249736 2.830557 -0.010751 0.745541 0.511642 0.426937
1311868223.842828 -1.627521 -1.249586 2.808857 -0.010188 0.741569 0.514223 0.430751
1311868223.874841 -1.624575 -1.252412 2.809339 -0.009979 0.741221 0.515161 0.430235
1311868223.910906 -1.627933 -1.252409 2.809697 -0.007990 0.740193 0.515989 0.431053
1311868223.943036 -1.633779 -1.248241 2.800535 -0.006511 0.737907 0.516864 0.433939
1311868223.975101 -1.631787 -1.246556 2.819053 -0.004753 0.741949 0.514586 0.429757
1311868224.010808 -1.639180 -1.242871 2.798811 -0.001476 0.738681 0.517292 0.432154
1311868224.043743 -1.636139 -1.253016 2.805144 -0.001955 0.740281 0.518003 0.428547
1311868224.075595 -1.644816 -1.238067 2.813858 0.001544 0.742825 0.513136 0.430001
1311868224.110830 -1.660486 -1.221793 2.733482 0.003833 0.724771 0.525488 0.445596
1311868224.145344 -1.669287 -1.231239 2.775691 0.004753 0.734056 0.516710 0.440624
1311868224.174788 -1.672109 -1.229129 2.767548 0.003594 0.732924 0.516349 0.442938
1311868224.211401 -1.672461 -1.233911 2.772247 0.000681 0.734429 0.515116 0.441892
1311868224.242911 -1.675937 -1.231971 2.764307 -0.000534 0.733325 0.515290 0.443521
1311868224.277363 -1.680976 -1.231580 2.759335 -0.000888 0.733057 0.513719 0.445780
1311868224.311516 -1.684954 -1.230036 2.754483 -0.002112 0.732661 0.510785 0.449780
1311868224.342895 -1.690012 -1.228147 2.754695 -0.002843 0.733432 0.507233 0.452531
1311868224.374897 -1.695186 -1.226697 2.749623 -0.002344 0.733747 0.504871 0.454660
1311868224.410879 -1.700334 -1.226338 2.739581 -0.001035 0.732135 0.505768 0.456262
1311868224.442907 -1.702348 -1.226941 2.739324 -0.001538 0.731655 0.506213 0.456539
1311868224.474953 -1.706603 -1.227948 2.732930 -0.001538 0.730228 0.506973 0.457978
1311868224.511812 -1.712360 -1.226579 2.738463 -0.003457 0.731212 0.504357 0.459283
1311868224.545292 -1.716160 -1.205443 2.679106 -0.005061 0.718533 0.510717 0.472072
1311868224.574703 -1.730879 -1.227041 2.701302 -0.006436 0.723295 0.506946 0.468838
1311868224.611208 -1.737331 -1.225905 2.697417 -0.007901 0.723848 0.505780 0.469222
1311868224.643090 -1.740863 -1.221870 2.689215 -0.007779 0.723080 0.506257 0.469893
1311868224.674856 -1.748300 -1.221143 2.687374 -0.007061 0.723136 0.505702 0.470416
1311868224.710776 -1.756656 -1.216877 2.679966 -0.006344 0.721679 0.505307 0.473079
1311868224.742798 -1.760335 -1.218759 2.675632 -0.007409 0.720625 0.506329 0.473577
1311868224.775598 -1.766224 -1.214901 2.671560 -0.008208 0.720640 0.506369 0.473498
1311868224.812285 -1.773660 -1.215212 2.673478 -0.009432 0.721968 0.505390 0.472498
1311868224.842708 -1.778016 -1.213117 2.665709 -0.011097 0.720297 0.506605 0.473708
1311868224.874851 -1.781434 -1.208500 2.658724 -0.012056 0.719637 0.506450 0.474854
1311868224.912106 -1.784906 -1.206760 2.657283 -0.014470 0.720531 0.503765 0.476283
1311868224.943076 -1.776437 -1.180940 2.626399 -0.016285 0.715566 0.505140 0.482217
1311868224.978324 -1.791688 -1.202453 2.643163 -0.015392 0.718962 0.502642 0.479800
1311868225.012002 -1.791971 -1.207409 2.642845 -0.015932 0.719988 0.502616 0.478268
1311868225.045354 -1.799356 -1.200323 2.636862 -0.014583 0.719990 0.500662 0.480354
1311868225.076066 -1.802543 -1.202538 2.639613 -0.015084 0.721288 0.499081 0.480035
1311868225.111236 -1.806621 -1.203551 2.633378 -0.014434 0.720582 0.498774 0.481433
1311868225.143930 -1.814589 -1.201534 2.630457 -0.013078 0.720555 0.497609 0.482717
1311868225.176049 -1.816371 -1.204372 2.624000 -0.013177 0.719588 0.498769 0.482959
1311868225.211565 -1.821425 -1.200882 2.616837 -0.012556 0.718285 0.499190 0.484478
1311868225.242896 -1.827065 -1.198327 2.617711 -0.012612 0.718125 0.498526 0.485396
1311868225.275007 -1.828786 -1.195379 2.611616 -0.013223 0.716900 0.498884 0.486820
1311868225.310787 -1.838819 -1.198811 2.614859 -0.015139 0.717395 0.497433 0.487520
1311868225.342940 -1.838514 -1.193931 2.609903 -0.015811 0.716370 0.497336 0.489102
1311868225.379392 -1.840934 -1.200372 2.608966 -0.016193 0.715801 0.499218 0.488004
1311868225.410917 -1.847282 -1.192101 2.609467 -0.015837 0.715770 0.497604 0.489706
1311868225.443381 -1.852094 -1.191224 2.601820 -0.015148 0.713979 0.498899 0.491024
1311868225.479273 -1.856109 -1.191761 2.602527 -0.015474 0.713741 0.498671 0.491592
1311868225.510884 -1.864291 -1.189576 2.603160 -0.015239 0.713965 0.497223 0.492739
1311868225.542923 -1.863188 -1.185588 2.597190 -0.014985 0.712871 0.497655 0.493892
1311868225.576439 -1.851952 -1.162237 2.579883 -0.017981 0.710786 0.496677 0.497767
1311868225.612078 -1.863256 -1.196759 2.596287 -0.017555 0.712990 0.497790 0.493500
1311868225.644151 -1.866933 -1.195912 2.590022 -0.016065 0.711194 0.498738 0.495182
1311868225.678868 -1.873628 -1.193568 2.589214 -0.015007 0.710181 0.498095 0.497313
1311868225.711259 -1.872777 -1.191434 2.586237 -0.014360 0.708095 0.499306 0.499088
1311868225.746296 -1.878777 -1.193779 2.588401 -0.014272 0.707150 0.499492 0.500243
1311868225.776898 -1.881865 -1.192254 2.590483 -0.014475 0.707310 0.498255 0.501243
1311868225.810874 -1.885971 -1.192872 2.589066 -0.013913 0.706271 0.498631 0.502350
1311868225.842939 -1.888445 -1.189736 2.585277 -0.013554 0.704979 0.498114 0.504682
1311868225.880247 -1.890868 -1.188934 2.582976 -0.013663 0.703857 0.497897 0.506456
1311868225.910765 -1.894014 -1.181321 2.579349 -0.012835 0.702973 0.497276 0.508311
1311868225.943096 -1.896442 -1.187100 2.580637 -0.013643 0.703048 0.498158 0.507323
1311868225.977018 -1.901760 -1.182015 2.579655 -0.013901 0.703480 0.496485 0.508355
1311868226.010899 -1.905573 -1.181674 2.576748 -0.012911 0.702692 0.497183 0.508789
1311868226.043782 -1.907552 -1.176296 2.573458 -0.013364 0.701907 0.495476 0.511519
1311868226.079850 -1.907605 -1.183612 2.576605 -0.015378 0.701999 0.494645 0.512140
1311868226.115058 -1.913578 -1.178835 2.575119 -0.015318 0.701684 0.493643 0.513537
1311868226.144537 -1.915527 -1.182096 2.574327 -0.017618 0.702048 0.493860 0.512758
1311868226.178896 -1.917201 -1.176061 2.568813 -0.017978 0.702372 0.494325 0.511854
1311868226.210939 -1.917169 -1.175032 2.566385 -0.018588 0.703075 0.494886 0.510321
1311868226.247306 -1.918469 -1.171094 2.558389 -0.017814 0.702515 0.494634 0.511363
1311868226.277609 -1.922924 -1.171252 2.556254 -0.018330 0.703802 0.492118 0.512003
1311868226.310950 -1.930120 -1.175129 2.565924 -0.018726 0.707258 0.489920 0.509326
1311868226.345151 -1.936249 -1.165158 2.557257 -0.018660 0.707626 0.488785 0.509909
1311868226.381607 -1.931338 -1.167981 2.549194 -0.017978 0.707665 0.492295 0.506490
1311868226.411020 -1.934850 -1.164023 2.541488 -0.015731 0.706953 0.494263 0.505642
1311868226.444052 -1.935728 -1.163464 2.540089 -0.014689 0.707725 0.495251 0.503623
1311868226.481112 -1.934383 -1.164278 2.530938 -0.013516 0.707088 0.498085 0.501752
1311868226.511027 -1.915024 -1.126014 2.510952 -0.014639 0.705591 0.497538 0.504364
1311868226.543455 -1.926927 -1.159766 2.526535 -0.014574 0.709217 0.498429 0.498365
1311868226.576612 -1.931807 -1.153171 2.530817 -0.013492 0.711251 0.495730 0.498189
1311868226.610909 -1.930463 -1.154851 2.531412 -0.014648 0.712252 0.495207 0.497245
1311868226.644260 -1.936522 -1.148724 2.514618 -0.015225 0.710769 0.494674 0.499874
1311868226.676348 -1.933473 -1.152508 2.513535 -0.017014 0.712304 0.495315 0.496988
1311868226.711126 -1.937324 -1.146063 2.498972 -0.016258 0.711302 0.495501 0.498260
1311868226.745829 -1.934651 -1.147747 2.498303 -0.016756 0.710985 0.497059 0.497144
1311868226.778492 -1.933935 -1.143239 2.484345 -0.015629 0.708233 0.498679 0.499481
1311868226.810784 -1.934741 -1.137628 2.469987 -0.013329 0.705387 0.499720 0.502525
1311868226.844284 -1.935577 -1.136858 2.459549 -0.013267 0.703497 0.499220 0.505664
1311868226.879222 -1.937180 -1.131163 2.454002 -0.014600 0.703989 0.494470 0.509594
1311868226.910863 -1.939576 -1.135763 2.451764 -0.014157 0.705106 0.492854 0.509627
1311868226.944204 -1.945070 -1.130102 2.441633 -0.014079 0.705499 0.489470 0.512340
1311868226.976309 -1.920047 -1.098216 2.418723 -0.012628 0.703960 0.490820 0.513202
1311868227.010946 -1.958316 -1.112976 2.414778 -0.008936 0.704578 0.487999 0.515119
1311868227.047092 -1.959839 -1.106516 2.413671 -0.008271 0.706371 0.485677 0.514868
1311868227.077103 -1.955993 -1.103930 2.390125 -0.009090 0.703898 0.486885 0.517095
1311868227.110902 -1.955154 -1.096588 2.378123 -0.010629 0.704241 0.484257 0.519063
1311868227.144535 -1.957604 -1.089438 2.369810 -0.012263 0.705474 0.479905 0.521390
1311868227.179137 -1.957444 -1.090464 2.366474 -0.012936 0.707429 0.477577 0.520862
1311868227.210865 -1.953048 -1.090678 2.346037 -0.011540 0.703679 0.480612 0.523178
1311868227.247413 -1.951574 -1.086623 2.344997 -0.007339 0.703785 0.480586 0.523134
1311868227.276556 -1.912041 -1.076693 2.343065 -0.007722 0.703498 0.484494 0.519901
1311868227.311677 -1.961379 -1.076180 2.319261 -0.002078 0.698619 0.480565 0.530079
1311868227.347893 -1.961075 -1.073430 2.310912 -0.000280 0.698440 0.480569 0.530315
1311868227.377762 -1.959204 -1.071653 2.303718 0.000563 0.699078 0.479812 0.530160
1311868227.411422 -1.958902 -1.068785 2.295663 0.000660 0.698666 0.478562 0.531830
1311868227.446682 -1.959452 -1.068437 2.290392 0.000992 0.698110 0.477773 0.533268
1311868227.479018 -1.959606 -1.065298 2.281396 0.003155 0.695814 0.478096 0.535964
1311868227.510861 -1.959444 -1.058134 2.287018 0.004066 0.696964 0.475261 0.536984
1311868227.547438 -1.957720 -1.057034 2.262934 0.005314 0.691476 0.478215 0.541427
1311868227.579073 -1.957470 -1.068845 2.267965 0.004016 0.692478 0.477846 0.540482
1311868227.610890 -1.958231 -1.059979 2.264290 0.003764 0.691544 0.474574 0.544547
1311868227.644341 -1.958289 -1.055112 2.255891 0.004692 0.689344 0.474193 0.547654
1311868227.679026 -1.953896 -1.056560 2.256070 0.003694 0.688978 0.472646 0.549456
1311868227.711001 -1.955582 -1.049359 2.239288 0.004020 0.684233 0.471891 0.555993
1311868227.744281 -1.957851 -1.056472 2.238975 0.003024 0.682910 0.472080 0.557464
1311868227.779154 -1.956447 -1.041934 2.249692 0.004307 0.685054 0.465937 0.559987
1311868227.813722 -1.912494 -1.042897 2.268092 0.000361 0.686837 0.469472 0.554843
1311868227.844330 -1.966067 -1.041485 2.228868 0.003764 0.676635 0.465321 0.570637
1311868227.879151 -1.966030 -1.038705 2.223415 0.002950 0.674373 0.463653 0.574663
1311868227.912471 -1.964008 -1.032552 2.213303 0.002108 0.671112 0.461580 0.580128
1311868227.946163 -1.970083 -1.039208 2.215334 -0.000719 0.670728 0.458629 0.582909
1311868227.979289 -1.968035 -1.027152 2.203623 -0.000393 0.667234 0.455678 0.589199
1311868228.014729 -1.975002 -1.032710 2.200704 -0.001527 0.665030 0.455126 0.592109
1311868228.044938 -1.975179 -1.030361 2.188165 -0.002088 0.660081 0.456112 0.596867
1311868228.079022 -1.978510 -1.026283 2.188757 -0.002349 0.658525 0.453927 0.600242
1311868228.112684 -1.932820 -1.025222 2.231058 -0.006911 0.665708 0.454192 0.592025
1311868228.146187 -1.979218 -1.025939 2.189249 -0.004110 0.656865 0.451180 0.604110
1311868228.178968 -1.981725 -1.022128 2.173398 -0.003778 0.653016 0.450490 0.608782
1311868228.214746 -1.987467 -1.020340 2.168851 -0.004271 0.652037 0.447655 0.611911
1311868228.246147 -1.991418 -1.021549 2.157801 -0.003839 0.648792 0.447377 0.615555
1311868228.279971 -2.002509 -1.027130 2.157607 -0.005523 0.648223 0.445330 0.617623
1311868228.312417 -2.003331 -1.019644 2.153061 -0.004789 0.646947 0.442662 0.620876
1311868228.344381 -2.003473 -1.013861 2.138284 -0.003910 0.642890 0.442585 0.625137
1311868228.378967 -2.013633 -1.014955 2.135587 -0.005012 0.642662 0.440736 0.626668
1311868228.412437 -2.008557 -1.008453 2.133254 -0.005969 0.642798 0.440702 0.626543
1311868228.444527 -2.019853 -1.006280 2.135533 -0.005369 0.644264 0.439217 0.626087
1311868228.479553 -2.024198 -1.012747 2.125265 -0.005542 0.641638 0.441340 0.627287
1311868228.515154 -1.977039 -1.010325 2.152201 -0.010925 0.645835 0.443562 0.621313
1311868228.545801 -2.029936 -1.009338 2.106433 -0.008497 0.638170 0.438981 0.632426
1311868228.579592 -2.037519 -1.011900 2.104686 -0.011150 0.638980 0.437009 0.632933
1311868228.612450 -2.041535 -1.008893 2.095882 -0.013521 0.638446 0.436431 0.633823
1311868228.645315 -2.043537 -1.005780 2.089734 -0.015381 0.638608 0.435490 0.634265
1311868228.679035 -2.050995 -0.998999 2.083176 -0.016714 0.637673 0.432975 0.636887
1311868228.714922 -2.051665 -0.997382 2.077670 -0.017832 0.636158 0.432803 0.638488
1311868228.746541 -2.057420 -0.998898 2.072077 -0.019119 0.634727 0.431836 0.640526
1311868228.779112 -2.070178 -1.003673 2.065202 -0.019015 0.633089 0.431858 0.642133
1311868228.815012 -2.068447 -1.000223 2.058033 -0.020516 0.631760 0.430958 0.643999
1311868228.844666 -2.061950 -0.989747 2.045610 -0.020460 0.629381 0.431996 0.645632
1311868228.879273 -2.074166 -0.998220 2.047436 -0.022163 0.630885 0.430696 0.644976
1311868228.912667 -2.076766 -0.988879 2.048873 -0.023362 0.632630 0.427817 0.645140
1311868228.944678 -2.056799 -1.001952 2.095313 -0.029130 0.643273 0.428308 0.633958
1311868228.979108 -2.094755 -1.003691 2.052531 -0.023144 0.636608 0.430775 0.639240
1311868229.012685 -2.101481 -1.003289 2.047994 -0.022037 0.636381 0.432046 0.638646
1311868229.044504 -2.095590 -0.994482 2.034976 -0.020333 0.634836 0.433801 0.639051
1311868229.080635 -2.105475 -0.994168 2.033916 -0.017885 0.637530 0.433902 0.636369
1311868229.115479 -2.097650 -0.993773 2.037561 -0.015980 0.640909 0.434965 0.632286
1311868229.148295 -2.099109 -0.989876 2.027161 -0.012956 0.640680 0.434780 0.632714
1311868229.184081 -2.095908 -0.990189 2.033267 -0.011962 0.643532 0.432777 0.631212
1311868229.216477 -2.101277 -0.991077 2.013870 -0.013020 0.640558 0.431323 0.635198
1311868229.249047 -2.091560 -0.983330 2.007818 -0.012472 0.641927 0.427770 0.636228
1311868229.281198 -2.095183 -0.990207 2.010361 -0.011715 0.644858 0.428869 0.632528
1311868229.315238 -2.096316 -0.999036 2.014800 -0.013625 0.645548 0.432974 0.628980
1311868229.350313 -2.093784 -0.995132 1.995917 -0.017043 0.639839 0.436606 0.632211
1311868229.381047 -2.084754 -1.003282 2.007886 -0.020190 0.641500 0.439969 0.628091
1311868229.413148 -2.090898 -1.029284 1.976699 -0.019288 0.630459 0.454915 0.628651
1311868229.444833 -2.076368 -1.004647 1.981417 -0.019423 0.627325 0.452871 0.633241
1311868229.482439 -2.056790 -0.992037 1.961985 -0.018250 0.621062 0.454551 0.638227
1311868229.512638 -2.019125 -0.998944 2.005035 -0.024301 0.631677 0.453325 0.628403
1311868229.547820 -2.043449 -0.993013 1.954517 -0.021584 0.624244 0.450701 0.637748
1311868229.580641 -2.040158 -0.995046 1.951987 -0.023516 0.627863 0.449070 0.635272
1311868229.613429 -2.031120 -0.998768 1.941266 -0.025270 0.628310 0.450541 0.633721
1311868229.647479 -2.018495 -1.004421 1.929997 -0.026346 0.626720 0.453933 0.632829
1311868229.681523 -2.013168 -1.000759 1.930017 -0.027194 0.627300 0.451466 0.633982
1311868229.712459 -2.007507 -1.008549 1.923600 -0.029194 0.626621 0.452413 0.633890
1311868229.748721 -1.997594 -1.009952 1.914466 -0.029435 0.625498 0.453070 0.634518
1311868229.782489 -1.994299 -1.008367 1.911213 -0.028097 0.626100 0.451563 0.635059
1311868229.812669 -1.984617 -1.013926 1.906318 -0.027912 0.626472 0.453418 0.633377
1311868229.844489 -1.974826 -1.022190 1.896187 -0.026156 0.625075 0.455928 0.633030
1311868229.883361 -1.930327 -1.031779 1.941709 -0.029320 0.637107 0.455130 0.621364
1311868229.914462 -1.952176 -1.045791 1.915124 -0.024821 0.632217 0.456423 0.625591
1311868229.944417 -1.944377 -1.045056 1.911611 -0.024893 0.632291 0.455615 0.626101
1311868229.982424 -1.932115 -1.048066 1.904279 -0.026530 0.632860 0.454563 0.626225
1311868230.012490 -1.931515 -1.050674 1.900549 -0.025122 0.633073 0.454060 0.626432
1311868230.047030 -1.922540 -1.052502 1.893596 -0.026416 0.631839 0.455648 0.626472
1311868230.083190 -1.917205 -1.050462 1.896527 -0.025053 0.633868 0.455142 0.624844
1311868230.113585 -1.906189 -1.061635 1.885841 -0.027275 0.632212 0.458519 0.623958
1311868230.147393 -1.897028 -1.056575 1.874211 -0.028248 0.631917 0.459461 0.623522
1311868230.180570 -1.887424 -1.057032 1.865525 -0.027579 0.634970 0.458048 0.621486
1311868230.214879 -1.880030 -1.063740 1.861962 -0.026902 0.639613 0.456237 0.618078
1311868230.245363 -1.835985 -1.063776 1.848331 -0.030184 0.641101 0.460456 0.613236
1311868230.283031 -1.842051 -1.110291 1.833026 -0.034202 0.639391 0.465285 0.611162
1311868230.312518 -1.845033 -1.116824 1.835560 -0.034716 0.641348 0.463368 0.610539
1311868230.343265 -1.832402 -1.120948 1.828471 -0.035234 0.639436 0.466881 0.609838
1311868230.382061 -1.823422 -1.124645 1.822524 -0.033455 0.636863 0.470126 0.610137
1311868230.414198 -1.826252 -1.126784 1.811860 -0.034488 0.632376 0.471954 0.613327
1311868230.443234 -1.817871 -1.130574 1.799777 -0.034470 0.626449 0.480952 0.612420
1311868230.484314 -1.809761 -1.127073 1.806194 -0.030831 0.625470 0.485520 0.610006
1311868230.512705 -1.798021 -1.128763 1.790705 -0.027494 0.621288 0.493007 0.608431
1311868230.543330 -1.795254 -1.125570 1.786031 -0.022724 0.623709 0.494906 0.604598
1311868230.582035 -1.786185 -1.123337 1.779356 -0.020216 0.628074 0.495867 0.599358
1311868230.613609 -1.801148 -1.100522 1.794505 -0.017414 0.636228 0.488756 0.596681
1311868230.643420 -1.765763 -1.122253 1.770052 -0.018469 0.635631 0.495884 0.591381
1311868230.682847 -1.755805 -1.077857 1.762806 -0.011534 0.639370 0.484230 0.597155
1311868230.713079 -1.759469 -1.126811 1.755704 -0.014494 0.639700 0.487260 0.594265
1311868230.743239 -1.760035 -1.130070 1.752614 -0.009675 0.641586 0.482650 0.596090
1311868230.783163 -1.754413 -1.125867 1.748298 -0.008674 0.642894 0.478537 0.598009
1311868230.812536 -1.755477 -1.126229 1.744148 -0.009737 0.644814 0.474948 0.598786
1311868230.843194 -1.753960 -1.123731 1.739427 -0.011835 0.645768 0.473001 0.599261
1311868230.884514 -1.751400 -1.120133 1.739445 -0.014732 0.646532 0.471795 0.599324
1311868230.912835 -1.748337 -1.126515 1.730147 -0.021685 0.644503 0.472946 0.600390
1311868230.943429 -1.740531 -1.121611 1.721625 -0.023639 0.643966 0.471407 0.602100
1311868230.983928 -1.728432 -1.133112 1.699209 -0.028175 0.640662 0.474208 0.603228
1311868231.012678 -1.727732 -1.126430 1.695829 -0.028601 0.642872 0.469675 0.604403
1311868231.043362 -1.726450 -1.119528 1.688472 -0.029199 0.645213 0.463485 0.606654
1311868231.083967 -1.714305 -1.139234 1.677653 -0.034793 0.646283 0.464159 0.604702
1311868231.115505 -1.694276 -1.095228 1.654880 -0.033513 0.645144 0.456621 0.611689
1311868231.143191 -1.727885 -1.124501 1.663486 -0.035243 0.647717 0.454589 0.610384
1311868231.180564 -1.723997 -1.127860 1.659296 -0.043822 0.645657 0.453804 0.612591
1311868231.215427 -1.714032 -1.133550 1.656469 -0.051821 0.644377 0.455083 0.612366
1311868231.243144 -1.709654 -1.130483 1.649798 -0.056063 0.643472 0.456649 0.611779
1311868231.284432 -1.705233 -1.137197 1.647964 -0.061467 0.642181 0.460118 0.610013
1311868231.313322 -1.700718 -1.135059 1.642170 -0.066360 0.639659 0.461196 0.611335
1311868231.343237 -1.693640 -1.134949 1.628107 -0.073475 0.635227 0.462124 0.614434
1311868231.380706 -1.653136 -1.106690 1.607637 -0.079941 0.629142 0.464706 0.617931
1311868231.412886 -1.672747 -1.139879 1.607006 -0.086167 0.627879 0.466376 0.617120
1311868231.443247 -1.671415 -1.147795 1.603196 -0.089184 0.628234 0.467394 0.615557
1311868231.481615 -1.661433 -1.140461 1.596792 -0.086833 0.628396 0.468248 0.615079
1311868231.514222 -1.656066 -1.148226 1.601287 -0.087940 0.629865 0.469232 0.612665
1311868231.543183 -1.642387 -1.151598 1.594333 -0.089935 0.628598 0.469776 0.613259
1311868231.582970 -1.643681 -1.156249 1.591875 -0.090885 0.628304 0.467394 0.615237
1311868231.611182 -1.636599 -1.162801 1.586038 -0.091135 0.627212 0.466672 0.616861
1311868231.643249 -1.628767 -1.172167 1.594883 -0.094714 0.629817 0.462998 0.616435
1311868231.683851 -1.626236 -1.173457 1.581488 -0.094656 0.628139 0.463124 0.618059
1311868231.711268 -1.617430 -1.170886 1.579000 -0.097622 0.629434 0.461559 0.617451
1311868231.743341 -1.603759 -1.168069 1.585001 -0.097896 0.632638 0.461139 0.614440
1311868231.782700 -1.576186 -1.142100 1.568988 -0.097401 0.630265 0.462159 0.616189
1311868231.811225 -1.590675 -1.169068 1.546668 -0.098745 0.624717 0.466676 0.618217
1311868231.843239 -1.585120 -1.175433 1.550631 -0.099129 0.625043 0.469310 0.615827
1311868231.883453 -1.574580 -1.182736 1.547448 -0.098725 0.622056 0.474104 0.615244
1311868231.911236 -1.571890 -1.185607 1.539295 -0.098353 0.618832 0.474353 0.618356
1311868231.943245 -1.564967 -1.195284 1.547194 -0.099975 0.620267 0.473646 0.617198
1311868231.981369 -1.560826 -1.196158 1.540504 -0.101085 0.618926 0.472779 0.619025
1311868232.011255 -1.554995 -1.202066 1.535599 -0.103761 0.618141 0.471789 0.620122
1311868232.043334 -1.547796 -1.204806 1.542519 -0.107142 0.619616 0.468466 0.620593
1311868232.084470 -1.544212 -1.211846 1.540940 -0.107559 0.618507 0.469300 0.620997
1311868232.111198 -1.533943 -1.221811 1.537115 -0.110753 0.615943 0.470117 0.622365
1311868232.143235 -1.528015 -1.224720 1.539735 -0.112186 0.615968 0.468895 0.623005
1311868232.180728 -1.520257 -1.227593 1.543473 -0.114101 0.616788 0.467413 0.622960
1311868232.211380 -1.498845 -1.197480 1.553541 -0.109595 0.619195 0.466966 0.621714
1311868232.243208 -1.517182 -1.236375 1.536446 -0.111115 0.614818 0.470054 0.623459
1311868232.280974 -1.508466 -1.234905 1.528077 -0.110365 0.612869 0.470949 0.624835
1311868232.311279 -1.504483 -1.238659 1.532434 -0.110732 0.613573 0.471281 0.623827
1311868232.343193 -1.495833 -1.244881 1.535154 -0.111623 0.613246 0.473371 0.622406
1311868232.380596 -1.492693 -1.249576 1.534531 -0.112995 0.614372 0.472825 0.621463
1311868232.411402 -1.485851 -1.249560 1.529264 -0.110465 0.615339 0.474621 0.619589
1311868232.443259 -1.474027 -1.249121 1.516084 -0.106983 0.614170 0.479106 0.617905
1311868232.482622 -1.473997 -1.261549 1.520254 -0.108514 0.618269 0.478335 0.614137
1311868232.511307 -1.469910 -1.267525 1.528157 -0.109109 0.621915 0.477488 0.611002
1311868232.543326 -1.462145 -1.272752 1.527253 -0.110113 0.623761 0.477802 0.608690
1311868232.583131 -1.454633 -1.271523 1.526045 -0.109232 0.624598 0.478129 0.607732
1311868232.611461 -1.450108 -1.279041 1.524876 -0.109535 0.625314 0.477759 0.607232
1311868232.643442 -1.444178 -1.287153 1.531458 -0.108683 0.627008 0.478227 0.605267
1311868232.683408 -1.439308 -1.288065 1.524449 -0.106735 0.625651 0.478725 0.606622
1311868232.711301 -1.438808 -1.293659 1.527473 -0.104090 0.626497 0.478911 0.606062
1311868232.744002 -1.411305 -1.258490 1.540069 -0.099686 0.629936 0.475937 0.605580
1311868232.779268 -1.425139 -1.300434 1.526039 -0.102817 0.627169 0.477243 0.606900
1311868232.811594 -1.428918 -1.296803 1.519455 -0.101198 0.627061 0.474202 0.609661
1311868232.843289 -1.417761 -1.302967 1.522316 -0.104140 0.628992 0.471714 0.609106
1311868232.879421 -1.419008 -1.297353 1.521214 -0.102744 0.629981 0.467977 0.611199
1311868232.911483 -1.413880 -1.305689 1.530555 -0.102099 0.632339 0.467330 0.609366
1311868232.943301 -1.412714 -1.297595 1.523823 -0.099327 0.631044 0.464060 0.613650
1311868232.979469 -1.408756 -1.309930 1.536306 -0.099800 0.633278 0.463868 0.611413
1311868233.011303 -1.411183 -1.305304 1.526253 -0.096748 0.630002 0.463390 0.615636
1311868233.043607 -1.409720 -1.313955 1.531379 -0.096133 0.629685 0.463075 0.616293
1311868233.079646 -1.407787 -1.313951 1.535640 -0.096240 0.629148 0.460437 0.618796
1311868233.111321 -1.409551 -1.310189 1.529588 -0.094820 0.626536 0.459204 0.622570
1311868233.143478 -1.405515 -1.317786 1.526785 -0.096628 0.626545 0.458330 0.622927
1311868233.179701 -1.412292 -1.317859 1.531613 -0.093661 0.629473 0.455790 0.622291
1311868233.211366 -1.405936 -1.323196 1.539891 -0.094425 0.631512 0.455659 0.620203
1311868233.243606 -1.404962 -1.318030 1.533568 -0.091978 0.629752 0.455006 0.622834
1311868233.279654 -1.412957 -1.313208 1.529136 -0.088264 0.628944 0.453342 0.625396
1311868233.311396 -1.412745 -1.318266 1.529125 -0.085377 0.628764 0.455807 0.624185
1311868233.343465 -1.411746 -1.317535 1.541440 -0.083269 0.630142 0.455790 0.623091
1311868233.379449 -1.417365 -1.314483 1.530768 -0.079803 0.625417 0.455823 0.628260
1311868233.411418 -1.417008 -1.314098 1.539767 -0.079696 0.624733 0.453614 0.630549
1311868233.443336 -1.413464 -1.278781 1.556252 -0.074667 0.627011 0.449056 0.632164
1311868233.479382 -1.430646 -1.300564 1.533234 -0.076369 0.622439 0.450028 0.635777
1311868233.511408 -1.444164 -1.287491 1.527653 -0.073176 0.622227 0.447027 0.638472
1311868233.543443 -1.450550 -1.283616 1.525612 -0.073062 0.622424 0.447249 0.638137
1311868233.579545 -1.454640 -1.278432 1.524582 -0.073248 0.622278 0.447385 0.638163
1311868233.611453 -1.456272 -1.281982 1.524964 -0.075569 0.622614 0.447676 0.637360
1311868233.643320 -1.453423 -1.282997 1.529620 -0.079066 0.623284 0.446961 0.636782
1311868233.679470 -1.461604 -1.275737 1.523454 -0.077812 0.621584 0.445618 0.639534
1311868233.711536 -1.473641 -1.255761 1.519369 -0.074064 0.620189 0.442007 0.643825
1311868233.743366 -1.481682 -1.256312 1.515950 -0.073698 0.619286 0.442157 0.644632
1311868233.779597 -1.496025 -1.254284 1.512659 -0.074362 0.618067 0.440417 0.646913
1311868233.811509 -1.495760 -1.241752 1.508044 -0.073093 0.615983 0.440602 0.648916
1311868233.843614 -1.500463 -1.244574 1.512315 -0.073559 0.616186 0.441478 0.648076
1311868233.879475 -1.486961 -1.208366 1.523695 -0.070839 0.617499 0.438686 0.649023
1311868233.911537 -1.527198 -1.223123 1.506424 -0.069376 0.615934 0.436708 0.651996
1311868233.943472 -1.524657 -1.221666 1.503830 -0.070593 0.616495 0.437969 0.650487
1311868233.979347 -1.535639 -1.214874 1.500112 -0.069741 0.616954 0.437850 0.650224
1311868234.011459 -1.532704 -1.219635 1.499730 -0.072846 0.617216 0.439463 0.648544
1311868234.043413 -1.550886 -1.204290 1.490226 -0.069555 0.615872 0.436244 0.652346
1311868234.079556 -1.554121 -1.202058 1.484499 -0.069335 0.615393 0.435126 0.653566
1311868234.111633 -1.578392 -1.202934 1.474635 -0.069659 0.615392 0.431982 0.655616
1311868234.143456 -1.573326 -1.196939 1.470180 -0.069957 0.616613 0.428432 0.656765
1311868234.179448 -1.581656 -1.194905 1.467282 -0.069865 0.618091 0.424352 0.658034
1311868234.211483 -1.586295 -1.191284 1.465789 -0.069549 0.618114 0.421769 0.659704
1311868234.243581 -1.571766 -1.165985 1.471264 -0.068894 0.618235 0.417729 0.662225
1311868234.279402 -1.598405 -1.195752 1.462142 -0.072654 0.616960 0.415629 0.664330
1311868234.311515 -1.613214 -1.196751 1.465198 -0.073217 0.617839 0.410841 0.666426
1311868234.343505 -1.620313 -1.190963 1.457062 -0.072997 0.617197 0.406183 0.669892
1311868234.379573 -1.628677 -1.192758 1.457555 -0.074337 0.617994 0.403160 0.670835
1311868234.411591 -1.644758 -1.169607 1.446298 -0.068923 0.615842 0.398104 0.676388
1311868234.443480 -1.660490 -1.169149 1.442336 -0.069519 0.615010 0.396204 0.678198
1311868234.479529 -1.662187 -1.161466 1.440137 -0.069529 0.613927 0.394458 0.680193
1311868234.511642 -1.678721 -1.160548 1.440228 -0.069947 0.613751 0.392538 0.681418
1311868234.543567 -1.655914 -1.126670 1.440071 -0.068634 0.612264 0.392083 0.683150
1311868234.579412 -1.700770 -1.143803 1.438713 -0.068881 0.614326 0.390694 0.682068
1311868234.611718 -1.701820 -1.139130 1.437635 -0.070043 0.614268 0.390539 0.682091
1311868234.643547 -1.714350 -1.136387 1.433329 -0.069970 0.614067 0.390131 0.682513
1311868234.679531 -1.721740 -1.132882 1.431463 -0.070461 0.613929 0.390619 0.682307
1311868234.711442 -1.725192 -1.137874 1.431893 -0.073251 0.613921 0.392164 0.681133
1311868234.743637 -1.740561 -1.118567 1.426424 -0.070377 0.612758 0.389698 0.683893
1311868234.779522 -1.762623 -1.122423 1.423836 -0.070519 0.612702 0.389927 0.683799
1311868234.811711 -1.756836 -1.108994 1.424371 -0.071152 0.612804 0.388641 0.684373
1311868234.843512 -1.776794 -1.110488 1.420314 -0.069958 0.612489 0.388961 0.684596
1311868234.879399 -1.765538 -1.105957 1.421687 -0.071398 0.612849 0.389161 0.684011
1311868234.911468 -1.738426 -1.060161 1.409319 -0.068818 0.608208 0.386954 0.689648
1311868234.943562 -1.778317 -1.098212 1.408782 -0.070986 0.609375 0.391160 0.686015
1311868234.979489 -1.778506 -1.093545 1.405217 -0.071176 0.607863 0.392430 0.686612
1311868235.011644 -1.793956 -1.087069 1.408455 -0.072668 0.608502 0.389699 0.687444
1311868235.043680 -1.799571 -1.082895 1.403273 -0.073263 0.607083 0.390625 0.688110
1311868235.079664 -1.814696 -1.077926 1.400676 -0.073387 0.606477 0.391424 0.688177
1311868235.111629 -1.816583 -1.074746 1.397634 -0.073415 0.605778 0.393396 0.687665
1311868235.143595 -1.834896 -1.076304 1.397724 -0.073911 0.605746 0.394313 0.687114
1311868235.179665 -1.822398 -1.074839 1.402799 -0.076745 0.606194 0.396265 0.685283
1311868235.211489 -1.841127 -1.056920 1.390825 -0.072089 0.603534 0.396758 0.687847
1311868235.243614 -1.845574 -1.049510 1.386309 -0.071865 0.602599 0.398216 0.687847
1311868235.279710 -1.850757 -1.055061 1.383978 -0.071476 0.602542 0.401039 0.686296
1311868235.311695 -1.852542 -1.046529 1.392242 -0.072500 0.605272 0.400131 0.684313
1311868235.343699 -1.823264 -1.022659 1.395139 -0.073566 0.607354 0.397851 0.683684
1311868235.379762 -1.822465 -0.971593 1.362793 -0.064457 0.600708 0.395082 0.692030
1311868235.411537 -1.862554 -1.023012 1.357667 -0.064555 0.603296 0.401152 0.686253
1311868235.443732 -1.869844 -1.017200 1.361088 -0.063508 0.605295 0.401114 0.684611
1311868235.479571 -1.872501 -1.010739 1.355188 -0.063059 0.604817 0.401190 0.685031
1311868235.511713 -1.874239 -1.005988 1.357694 -0.063166 0.606646 0.400364 0.683885
1311868235.543566 -1.880626 -1.001495 1.347111 -0.061447 0.605094 0.402167 0.684359
1311868235.579657 -1.889249 -0.998572 1.351462 -0.061830 0.608531 0.399674 0.682735
1311868235.611793 -1.878009 -0.987186 1.345144 -0.061567 0.611011 0.398846 0.681027
1311868235.643525 -1.873811 -0.983332 1.351024 -0.064732 0.616516 0.396043 0.677398
1311868235.679690 -1.901728 -0.982540 1.343600 -0.061426 0.618729 0.395520 0.675992
1311868235.711568 -1.897786 -0.977133 1.329288 -0.059266 0.618259 0.397024 0.675733
1311868235.743898 -1.895125 -0.954202 1.333616 -0.059158 0.620264 0.392372 0.676622
1311868235.779537 -1.899439 -0.952351 1.334960 -0.060394 0.620608 0.390890 0.677054
1311868235.811896 -1.878064 -0.942759 1.344005 -0.061214 0.621266 0.391651 0.675937
1311868235.843663 -1.858126 -0.888324 1.324329 -0.058217 0.613534 0.386899 0.685927
1311868235.879619 -1.908069 -0.945391 1.318629 -0.058711 0.612049 0.395932 0.682046
1311868235.911551 -1.906105 -0.937504 1.320830 -0.058102 0.611905 0.395378 0.682549
1311868235.943694 -1.910729 -0.933473 1.320307 -0.056757 0.611359 0.396295 0.682620
1311868235.979648 -1.908553 -0.930993 1.317785 -0.057974 0.610670 0.396817 0.682831
1311868236.011678 -1.916525 -0.922649 1.312182 -0.053693 0.609407 0.397234 0.684066
1311868236.043684 -1.909286 -0.917029 1.310774 -0.052573 0.607915 0.397073 0.685572
1311868236.079629 -1.903892 -0.915092 1.319682 -0.053348 0.607325 0.396167 0.686558
1311868236.111800 -1.899073 -0.905571 1.314845 -0.053042 0.604311 0.394569 0.690152
1311868236.143661 -1.908249 -0.903571 1.305672 -0.051006 0.601354 0.395042 0.692614
1311868236.179561 -1.911462 -0.899286 1.303325 -0.051900 0.599543 0.395337 0.693948
1311868236.211655 -1.920747 -0.895999 1.299284 -0.047674 0.597365 0.397991 0.694612
1311868236.243642 -1.907002 -0.884703 1.299634 -0.048552 0.595356 0.397124 0.696768
1311868236.279495 -1.909808 -0.881540 1.294554 -0.050254 0.590986 0.397997 0.699863
1311868236.311580 -1.912250 -0.876453 1.284402 -0.051315 0.587048 0.398981 0.702536
1311868236.343770 -1.906729 -0.873015 1.293309 -0.059176 0.589012 0.393492 0.703368
1311868236.379539 -1.913886 -0.872019 1.281321 -0.059241 0.587045 0.392404 0.705611
1311868236.412852 -1.932532 -0.875651 1.271227 -0.058266 0.585824 0.392753 0.706513
1311868236.443514 -1.858673 -0.777706 1.265660 -0.056736 0.583616 0.380792 0.714963
1311868236.479602 -1.897360 -0.847179 1.271608 -0.060128 0.586672 0.392120 0.706005
1311868236.511583 -1.896319 -0.845247 1.274583 -0.059627 0.586773 0.393045 0.705449
1311868236.543672 -1.890398 -0.842972 1.272533 -0.059913 0.585092 0.393333 0.706659
1311868236.579656 -1.892702 -0.832374 1.267708 -0.056566 0.583337 0.391781 0.709243
1311868236.611596 -1.897923 -0.828991 1.265928 -0.053100 0.581448 0.391419 0.711260
1311868236.647654 -1.892758 -0.824802 1.263562 -0.051092 0.579280 0.390806 0.713509
1311868236.679569 -1.896042 -0.814768 1.260138 -0.046102 0.577615 0.389024 0.716167
1311868236.711710 -1.889872 -0.812285 1.262521 -0.046921 0.577669 0.386495 0.717439
1311868236.747574 -1.891778 -0.807853 1.262488 -0.044435 0.577540 0.385167 0.718415
1311868236.779605 -1.893775 -0.800723 1.259718 -0.041330 0.577150 0.384209 0.719425
1311868236.811656 -1.895979 -0.799979 1.261033 -0.041785 0.577650 0.382666 0.719821
1311868236.847644 -1.900077 -0.790324 1.261625 -0.039043 0.576957 0.380963 0.721432
1311868236.879498 -1.902442 -0.786895 1.253896 -0.038188 0.572807 0.381570 0.724457
1311868236.911822 -1.904697 -0.782361 1.256154 -0.039181 0.570834 0.380398 0.726575
1311868236.947572 -1.906827 -0.777599 1.257911 -0.039333 0.569211 0.380407 0.727834
1311868236.979635 -1.908722 -0.771240 1.252834 -0.038069 0.566343 0.382606 0.728985
1311868237.011585 -1.910569 -0.769723 1.248934 -0.035893 0.564641 0.386017 0.728618
1311868237.047783 -1.906793 -0.763465 1.247667 -0.033656 0.564102 0.386765 0.728745
1311868237.079739 -1.871628 -0.669036 1.223935 -0.025072 0.555148 0.374941 0.742025
1311868237.111617 -1.914463 -0.719513 1.216875 -0.025212 0.555955 0.382613 0.737486
1311868237.147698 -1.916567 -0.715568 1.223616 -0.022940 0.556555 0.382156 0.737345
1311868237.179506 -1.918861 -0.711371 1.212645 -0.020503 0.552292 0.383897 0.739714
1311868237.211747 -1.913750 -0.705144 1.212427 -0.018743 0.551328 0.382767 0.741064
1311868237.247704 -1.917054 -0.701290 1.218868 -0.017280 0.552373 0.380608 0.741433
1311868237.279719 -1.917862 -0.695029 1.215056 -0.015890 0.551073 0.379149 0.743177
1311868237.311685 -1.921769 -0.691223 1.206850 -0.015524 0.549169 0.378004 0.745175
1311868237.347705 -1.924332 -0.683212 1.197995 -0.014444 0.546840 0.376298 0.747768
1311868237.379984 -1.885488 -0.610938 1.177910 -0.011202 0.537965 0.367038 0.758783
1311868237.411750 -1.935121 -0.638906 1.163215 -0.010311 0.538665 0.370556 0.756586
1311868237.447678 -1.936831 -0.635722 1.159758 -0.010320 0.538331 0.370638 0.756783
1311868237.479718 -1.939604 -0.632344 1.153778 -0.012586 0.537009 0.368707 0.758629
1311868237.511663 -1.940030 -0.627385 1.146692 -0.014426 0.535078 0.366446 0.761053
1311868237.547675 -1.945044 -0.621296 1.140642 -0.015834 0.533047 0.363043 0.764074
1311868237.579714 -1.946766 -0.615526 1.131221 -0.018391 0.529357 0.360860 0.767609
1311868237.611575 -1.953383 -0.610697 1.119775 -0.020996 0.527164 0.358003 0.770384
1311868237.647688 -1.899348 -0.567740 1.109510 -0.025750 0.522532 0.349765 0.777150
1311868237.679616 -1.945488 -0.562442 1.085332 -0.023864 0.522434 0.343187 0.780202
1311868237.711933 -1.947927 -0.558893 1.074874 -0.026543 0.520586 0.340613 0.782476
1311868237.747723 -1.953732 -0.552301 1.077459 -0.027261 0.520891 0.336281 0.784120
1311868237.779615 -1.956849 -0.546671 1.068844 -0.026569 0.516176 0.336185 0.787297
1311868237.811811 -1.966249 -0.542376 1.057451 -0.024982 0.511381 0.336564 0.790310
1311868237.847748 -1.965380 -0.534903 1.054281 -0.023823 0.509221 0.334816 0.792480
1311868237.879660 -1.920382 -0.530324 1.058611 -0.029292 0.505266 0.337492 0.793692
1311868237.911846 -1.959271 -0.510186 1.029642 -0.023175 0.502495 0.331911 0.797996
1311868237.947730 -1.963979 -0.505681 1.020965 -0.023306 0.500157 0.333530 0.798785
1311868237.979641 -1.969637 -0.495865 1.016207 -0.023375 0.499371 0.332550 0.799683
1311868238.011682 -1.969860 -0.489764 1.006649 -0.023026 0.497023 0.334023 0.800541
1311868238.047724 -1.970934 -0.481917 1.004902 -0.023352 0.495468 0.334820 0.801163
1311868238.079831 -1.975531 -0.481026 0.999211 -0.025350 0.493846 0.335877 0.801661
1311868238.111670 -1.974389 -0.472768 0.992670 -0.024529 0.492026 0.337536 0.802109
1311868238.147711 -1.978247 -0.464639 0.987222 -0.024722 0.490400 0.336767 0.803420
1311868238.179768 -1.972790 -0.461339 0.987869 -0.026074 0.489487 0.335895 0.804299
1311868238.211730 -1.945614 -0.473453 0.998880 -0.032827 0.487198 0.340580 0.803471
1311868238.247769 -1.971621 -0.444466 0.970298 -0.026543 0.483733 0.334054 0.808521
1311868238.279669 -1.970362 -0.441967 0.967329 -0.026645 0.483137 0.335834 0.808136
1311868238.311749 -1.969805 -0.436293 0.962573 -0.026304 0.482848 0.336075 0.808220
1311868238.347701 -1.964360 -0.430273 0.955635 -0.026630 0.482147 0.335545 0.808848
1311868238.379617 -1.969018 -0.431476 0.957820 -0.027118 0.485536 0.335091 0.806990
1311868238.411808 -1.969269 -0.429799 0.954147 -0.027777 0.485718 0.333823 0.807384
1311868238.447579 -1.967344 -0.429808 0.950611 -0.028047 0.485489 0.333393 0.807690
1311868238.479644 -1.966441 -0.422914 0.944089 -0.025610 0.483947 0.333753 0.808547
1311868238.511638 -1.968908 -0.423916 0.947021 -0.024699 0.484779 0.334399 0.807809
1311868238.547647 -1.966444 -0.416870 0.935447 -0.022788 0.481140 0.334943 0.809814
1311868238.579703 -1.964676 -0.415622 0.933454 -0.022471 0.479793 0.336797 0.809853
1311868238.611939 -1.957313 -0.406273 0.926206 -0.021610 0.477070 0.337220 0.811308
1311868238.647718 -1.956503 -0.408732 0.928703 -0.024950 0.479838 0.337533 0.809447
1311868238.679756 -1.955800 -0.393173 0.921505 -0.023891 0.480543 0.335913 0.809735
1311868238.711811 -1.952768 -0.396597 0.918794 -0.029750 0.482783 0.335532 0.808365
1311868238.747681 -1.948379 -0.396624 0.911501 -0.033391 0.482494 0.337748 0.807472
1311868238.779734 -1.921965 -0.405675 0.928654 -0.038384 0.482987 0.346363 0.803295
1311868238.811727 -1.942506 -0.402477 0.908483 -0.036436 0.483571 0.347459 0.802561
1311868238.847715 -1.938773 -0.399859 0.905039 -0.037235 0.483597 0.350473 0.801197
1311868238.879655 -1.936615 -0.395347 0.902267 -0.037155 0.483237 0.352282 0.800624
1311868238.911768 -1.931947 -0.395200 0.899856 -0.038264 0.482496 0.354275 0.800139
1311868238.947727 -1.927715 -0.385188 0.898237 -0.035244 0.481609 0.356079 0.800011
1311868238.979698 -1.925568 -0.390162 0.899572 -0.036572 0.482672 0.358258 0.798337
1311868239.011813 -1.919121 -0.390984 0.890263 -0.038847 0.479179 0.359721 0.799674
1311868239.047859 -1.913900 -0.382326 0.884815 -0.037184 0.477610 0.355475 0.802585
1311868239.079767 -1.916863 -0.378699 0.886629 -0.035364 0.479122 0.350764 0.803839
1311868239.111923 -1.909907 -0.371503 0.882814 -0.036527 0.478594 0.343812 0.807098
1311868239.147701 -1.909715 -0.370313 0.880365 -0.037285 0.479401 0.338401 0.808869
1311868239.179952 -1.906120 -0.374096 0.876074 -0.038821 0.479382 0.335027 0.810211
1311868239.211956 -1.909199 -0.365957 0.875696 -0.034420 0.476380 0.336199 0.811694
1311868239.247740 -1.909037 -0.358488 0.868519 -0.031106 0.471081 0.336419 0.814823
1311868239.279647 -1.905428 -0.363020 0.862843 -0.032919 0.466099 0.337086 0.817338
1311868239.311701 -1.895161 -0.354146 0.860253 -0.030482 0.460816 0.338157 0.819981
1311868239.347666 -1.890681 -0.353214 0.878272 -0.030223 0.463331 0.337748 0.818741
1311868239.379722 -1.887838 -0.349371 0.852519 -0.029143 0.453648 0.339004 0.823669
1311868239.411681 -1.879424 -0.347819 0.849414 -0.029628 0.449793 0.339013 0.825759
1311868239.447769 -1.877309 -0.355941 0.848342 -0.032404 0.447759 0.342617 0.825273
1311868239.479757 -1.853567 -0.345197 0.862797 -0.032551 0.443509 0.345462 0.826376
1311868239.511807 -1.879386 -0.355217 0.854130 -0.032167 0.445857 0.347202 0.824395
1311868239.547793 -1.876558 -0.352493 0.850096 -0.033049 0.444265 0.346096 0.825684
1311868239.579832 -1.874617 -0.354515 0.850069 -0.036281 0.444355 0.342232 0.827109
1311868239.611936 -1.870030 -0.348219 0.847140 -0.037504 0.441709 0.338400 0.830044
1311868239.647799 -1.870135 -0.353523 0.844892 -0.041180 0.440065 0.336673 0.831443
1311868239.679838 -1.872104 -0.343708 0.845843 -0.039869 0.438189 0.334632 0.833320
1311868239.711814 -1.872674 -0.345271 0.847536 -0.041078 0.436984 0.336267 0.833236
1311868239.747890 -1.868388 -0.337663 0.844238 -0.041783 0.433164 0.335231 0.835609
1311868239.779802 -1.868323 -0.343076 0.837674 -0.046368 0.430443 0.334376 0.837115
1311868239.811866 -1.867193 -0.332335 0.838727 -0.045813 0.429196 0.330286 0.839407
1311868239.847692 -1.867132 -0.334000 0.836083 -0.047517 0.427439 0.329233 0.840621
1311868239.879821 -1.866528 -0.325333 0.826297 -0.045994 0.422657 0.326759 0.844082
1311868239.912048 -1.868334 -0.328319 0.827505 -0.045652 0.419688 0.328171 0.845034
1311868239.947914 -1.874444 -0.329266 0.828164 -0.043793 0.417361 0.330046 0.845554
1311868239.979870 -1.825610 -0.293313 0.815932 -0.040531 0.401012 0.326087 0.855110
1311868240.012203 -1.847846 -0.291325 0.792518 -0.039745 0.399538 0.322452 0.857213
1311868240.047963 -1.850575 -0.290331 0.784667 -0.043946 0.398195 0.318884 0.858966
1311868240.079916 -1.854565 -0.289052 0.783648 -0.046892 0.400212 0.316732 0.858669
1311868240.111831 -1.848010 -0.282468 0.770497 -0.049076 0.397909 0.315258 0.860159
1311868240.147812 -1.852624 -0.278146 0.764926 -0.049291 0.398432 0.314611 0.860141
1311868240.180037 -1.854119 -0.277302 0.755724 -0.049715 0.396795 0.315006 0.860728
1311868240.211870 -1.852259 -0.265701 0.745844 -0.048832 0.393910 0.311904 0.863230
1311868240.247823 -1.855373 -0.262759 0.741106 -0.049042 0.393638 0.310291 0.863923
1311868240.279833 -1.846457 -0.261280 0.724882 -0.051656 0.388307 0.309224 0.866562
1311868240.311899 -1.862899 -0.261349 0.725908 -0.054590 0.391341 0.306012 0.866157
1311868240.347732 -1.829847 -0.241615 0.733744 -0.056724 0.386213 0.303736 0.869118
1311868240.379758 -1.851137 -0.229049 0.697428 -0.054072 0.385293 0.299134 0.871289
1311868240.412142 -1.854935 -0.229530 0.686699 -0.057744 0.385293 0.296883 0.871823
1311868240.447900 -1.855563 -0.223706 0.679135 -0.060350 0.383387 0.294659 0.873240
1311868240.480028 -1.857375 -0.216667 0.675401 -0.063876 0.383635 0.289121 0.874730
1311868240.512225 -1.853959 -0.210655 0.665519 -0.065932 0.381728 0.286683 0.876213
1311868240.547745 -1.860941 -0.212964 0.664185 -0.069153 0.382207 0.285505 0.876141
1311868240.579717 -1.863494 -0.201559 0.659207 -0.068907 0.380441 0.281582 0.878196
1311868240.611779 -1.862637 -0.204194 0.654391 -0.070428 0.379134 0.283401 0.878055
1311868240.647892 -1.868512 -0.200967 0.649794 -0.069505 0.377737 0.286348 0.877775
1311868240.679815 -1.849565 -0.203552 0.680627 -0.073172 0.377917 0.290796 0.875935
1311868240.711873 -1.867362 -0.184390 0.641836 -0.066471 0.373618 0.288580 0.879041
1311868240.748004 -1.867478 -0.183320 0.638725 -0.065545 0.373414 0.290488 0.878569
1311868240.779858 -1.877270 -0.185721 0.638955 -0.065930 0.375317 0.291307 0.877457
1311868240.811863 -1.880925 -0.175727 0.632994 -0.064190 0.374825 0.289430 0.878417
1311868240.879754 -1.883835 -0.181205 0.630547 -0.066482 0.378516 0.293962 0.875153
1311868240.911960 -1.882487 -0.178897 0.623449 -0.067773 0.378560 0.295753 0.874431
1311868240.947862 -1.878133 -0.179514 0.614007 -0.072993 0.376687 0.297381 0.874268
1311868240.980015 -1.876001 -0.185878 0.617094 -0.079826 0.376750 0.302872 0.871754
1311868241.011989 -1.865485 -0.177268 0.614041 -0.079200 0.375437 0.304875 0.871680
1311868241.047933 -1.868252 -0.187061 0.613192 -0.081925 0.377473 0.305865 0.870201
1311868241.079985 -1.866223 -0.189746 0.609613 -0.082386 0.377999 0.303735 0.870675
1311868241.111816 -1.846284 -0.188794 0.609897 -0.081050 0.377556 0.301485 0.871774
1311868241.148015 -1.859485 -0.194194 0.607001 -0.078096 0.381602 0.301187 0.870383
1311868241.179775 -1.840957 -0.194123 0.602351 -0.077402 0.379931 0.298455 0.872116
1311868241.211864 -1.844768 -0.204306 0.597950 -0.077365 0.382109 0.298248 0.871238
1311868241.247832 -1.835483 -0.214399 0.594902 -0.082148 0.381207 0.298306 0.871175
1311868241.279951 -1.819700 -0.215821 0.593960 -0.082334 0.380343 0.301063 0.870587
1311868241.311846 -1.819636 -0.225465 0.592337 -0.082036 0.382529 0.305159 0.868228
1311868241.348159 -1.817887 -0.230082 0.592042 -0.079934 0.382639 0.308919 0.867045
1311868241.379991 -1.785983 -0.248287 0.626600 -0.084854 0.384065 0.313926 0.864144
1311868241.411927 -1.786722 -0.244964 0.579147 -0.079631 0.377070 0.310125 0.869080
1311868241.447810 -1.781192 -0.244945 0.579906 -0.077270 0.376966 0.309542 0.869546
1311868241.479924 -1.769757 -0.254366 0.574507 -0.076451 0.375197 0.311165 0.869804
1311868241.512153 -1.770088 -0.260688 0.579850 -0.073102 0.376778 0.313009 0.868746
1311868241.579911 -1.760554 -0.279652 0.577075 -0.071096 0.377499 0.318931 0.866443
1311868241.611956 -1.748628 -0.277623 0.575191 -0.070670 0.376264 0.318206 0.867281
1311868241.648036 -1.735675 -0.274014 0.566618 -0.067795 0.373540 0.318018 0.868756
1311868241.679969 -1.736130 -0.290914 0.569237 -0.069270 0.375767 0.319849 0.867005
1311868241.712640 -1.741706 -0.295008 0.562301 -0.067220 0.374901 0.319894 0.867525
1311868241.747996 -1.732115 -0.297625 0.560696 -0.066036 0.372369 0.319491 0.868853
1311868241.779865 -1.712606 -0.294705 0.602509 -0.065096 0.376417 0.317626 0.867863
1311868241.811843 -1.718843 -0.295986 0.555164 -0.064134 0.369607 0.312998 0.872531
1311868241.847976 -1.714714 -0.306554 0.558463 -0.065973 0.371268 0.309655 0.872881
1311868241.879857 -1.709457 -0.313741 0.555715 -0.067617 0.372008 0.303146 0.874723
1311868241.911969 -1.698385 -0.316842 0.548363 -0.068174 0.370023 0.298254 0.877200
1311868241.947838 -1.694522 -0.324297 0.545368 -0.068035 0.370344 0.292689 0.878948
1311868241.979902 -1.689326 -0.321474 0.550529 -0.067089 0.370393 0.286871 0.880916
1311868242.011931 -1.686136 -0.330849 0.531757 -0.066918 0.364527 0.287293 0.883236
1311868242.047949 -1.684766 -0.326815 0.537879 -0.065538 0.363818 0.282991 0.885019
1311868242.080011 -1.679925 -0.333910 0.530056 -0.068126 0.358749 0.281227 0.887451
1311868242.111944 -1.673867 -0.332747 0.525055 -0.068628 0.354660 0.279312 0.889658
1311868242.147934 -1.661397 -0.326559 0.556640 -0.068278 0.356602 0.277569 0.889454
1311868242.180028 -1.665530 -0.331956 0.511134 -0.069572 0.349152 0.272384 0.893901
1311868242.212185 -1.660008 -0.333523 0.503568 -0.071492 0.347535 0.267382 0.895888
1311868242.247919 -1.662407 -0.337945 0.501412 -0.070894 0.347990 0.264668 0.896565
1311868242.279969 -1.662340 -0.338637 0.496847 -0.071368 0.346203 0.261400 0.898176
1311868242.312146 -1.655294 -0.333579 0.488737 -0.070948 0.341784 0.258599 0.900709
1311868242.347903 -1.652514 -0.336366 0.487011 -0.069746 0.338570 0.258707 0.901985
1311868242.379943 -1.652379 -0.340346 0.480966 -0.068784 0.334150 0.260745 0.903119
1311868242.412008 -1.649431 -0.341938 0.476333 -0.067490 0.329859 0.261381 0.904610
1311868242.447942 -1.650418 -0.343985 0.474858 -0.066164 0.328248 0.259113 0.905945
1311868242.479984 -1.638636 -0.338777 0.464484 -0.065341 0.322783 0.254514 0.909266
1311868242.511969 -1.632382 -0.330890 0.508058 -0.064329 0.329125 0.248614 0.908697
1311868242.580083 -1.642009 -0.329138 0.469702 -0.061549 0.323154 0.245237 0.911944
1311868242.612269 -1.642730 -0.325343 0.473870 -0.059592 0.320288 0.245476 0.913020
1311868242.679930 -1.633153 -0.324682 0.466165 -0.058672 0.307976 0.245521 0.917294
1311868242.712253 -1.625393 -0.321422 0.461700 -0.058544 0.305020 0.242567 0.919074
1311868242.747909 -1.628442 -0.322609 0.459422 -0.056180 0.308852 0.240414 0.918507
1311868242.779977 -1.621455 -0.319487 0.453798 -0.053750 0.311773 0.238689 0.918115
1311868242.847992 -1.617518 -0.316388 0.452497 -0.049769 0.319802 0.239792 0.915286
1311868242.879888 -1.613191 -0.315190 0.453162 -0.050365 0.320891 0.240089 0.914795
1311868242.912047 -1.610747 -0.310030 0.450495 -0.048632 0.322329 0.237430 0.915077
1311868242.948092 -1.609635 -0.307362 0.449454 -0.049410 0.324077 0.235915 0.914810
1311868243.012214 -1.602533 -0.307377 0.444877 -0.046748 0.327993 0.240536 0.912347
1311868243.048093 -1.604038 -0.300795 0.442700 -0.042934 0.328415 0.241671 0.912083
1311868243.079963 -1.600699 -0.301115 0.442213 -0.042269 0.327359 0.246099 0.911309
1311868243.111904 -1.591288 -0.293490 0.442503 -0.040004 0.326706 0.249048 0.910845
1311868243.148081 -1.592794 -0.297373 0.441240 -0.040594 0.327797 0.250931 0.909909
1311868243.180098 -1.590089 -0.295084 0.435454 -0.040531 0.327641 0.249149 0.910458
1311868243.211968 -1.582806 -0.292839 0.433837 -0.039997 0.328832 0.246104 0.910880
1311868243.248114 -1.581468 -0.290009 0.429654 -0.039002 0.329391 0.244104 0.911259
1311868243.280037 -1.581049 -0.290114 0.430865 -0.038516 0.329924 0.243329 0.911294
1311868243.312010 -1.580503 -0.291768 0.430469 -0.036752 0.327989 0.244830 0.911664
1311868243.348087 -1.576236 -0.286532 0.431132 -0.036097 0.325123 0.242494 0.913339
1311868243.411942 -1.568252 -0.280883 0.412467 -0.035418 0.318590 0.236019 0.917356
1311868243.448204 -1.564564 -0.282779 0.436395 -0.038102 0.322922 0.233261 0.916438
1311868243.480135 -1.578988 -0.284019 0.409762 -0.037824 0.324656 0.229287 0.916840
1311868243.548097 -1.573919 -0.277095 0.399906 -0.038769 0.323295 0.222420 0.918971
1311868243.580031 -1.577741 -0.273884 0.394948 -0.038896 0.319885 0.219654 0.920822
1311868243.611954 -1.571530 -0.269230 0.394481 -0.039541 0.313465 0.216011 0.923859
1311868243.648052 -1.572139 -0.260806 0.381492 -0.041524 0.305141 0.212439 0.927381
1311868243.680036 -1.567257 -0.260555 0.369572 -0.045594 0.297535 0.210435 0.930113
1311868243.712048 -1.560882 -0.252337 0.362188 -0.048029 0.292437 0.206980 0.932380
1311868243.747912 -1.537769 -0.242965 0.371816 -0.052744 0.287308 0.203647 0.934452
1311868243.779970 -1.565199 -0.248197 0.343745 -0.057429 0.291441 0.199647 0.933759
1311868243.811933 -1.562035 -0.239390 0.332115 -0.059320 0.290737 0.199730 0.933842
1311868243.848171 -1.558807 -0.235744 0.324963 -0.061355 0.289676 0.202183 0.933512
1311868243.880069 -1.560114 -0.233909 0.317671 -0.063767 0.287864 0.200562 0.934261
1311868243.912060 -1.552803 -0.225339 0.317444 -0.063974 0.283680 0.197586 0.936159
1311868243.948200 -1.550505 -0.227895 0.303408 -0.065950 0.276747 0.196914 0.938236
1311868243.979984 -1.550322 -0.220405 0.306340 -0.066167 0.272622 0.193482 0.940140
1311868244.012101 -1.548915 -0.215602 0.286819 -0.066779 0.265089 0.191415 0.942671
1311868244.048067 -1.555831 -0.221953 0.282822 -0.068881 0.262338 0.190855 0.943403
1311868244.080141 -1.544691 -0.209963 0.269158 -0.067413 0.256471 0.187998 0.945693
1311868244.112211 -1.530734 -0.208794 0.272559 -0.064865 0.253502 0.188861 0.946499
1311868244.148092 -1.501010 -0.187145 0.286749 -0.059908 0.245837 0.187360 0.949142
1311868244.212047 -1.512768 -0.187001 0.242512 -0.058744 0.243758 0.179167 0.951331
1311868244.248025 -1.514338 -0.179595 0.238126 -0.057866 0.241705 0.176889 0.952334
1311868244.312192 -1.518816 -0.165992 0.225693 -0.060893 0.231459 0.170256 0.955893
1311868244.348251 -1.509524 -0.152231 0.225549 -0.063216 0.225233 0.168589 0.957524
1311868244.380022 -1.508518 -0.151766 0.220675 -0.065586 0.224255 0.170677 0.957224
1311868244.412124 -1.504091 -0.141429 0.210167 -0.064778 0.223609 0.170972 0.957377
1311868244.448220 -1.507094 -0.140929 0.191651 -0.066220 0.224531 0.173228 0.956657
1311868244.480101 -1.497838 -0.125157 0.208978 -0.064131 0.230605 0.169171 0.956080
1311868244.512251 -1.481226 -0.109547 0.239232 -0.061592 0.232951 0.170416 0.955457
1311868244.548269 -1.519847 -0.117174 0.217122 -0.063067 0.242646 0.168520 0.953282
1311868244.580149 -1.521096 -0.112817 0.211404 -0.062578 0.243238 0.168073 0.953242
1311868244.612250 -1.521152 -0.106141 0.207420 -0.063161 0.241897 0.168132 0.953535
1311868244.648157 -1.524280 -0.104615 0.202147 -0.062907 0.239319 0.168606 0.954118
1311868244.712115 -1.511279 -0.084312 0.189229 -0.064278 0.230632 0.167296 0.956394
1311868244.748285 -1.506897 -0.084787 0.191901 -0.064940 0.232979 0.172589 0.954838
1311868244.780046 -1.505698 -0.077052 0.193796 -0.064431 0.238546 0.174310 0.953184
1311868244.812104 -1.497223 -0.059894 0.196171 -0.062870 0.240889 0.177194 0.952167
1311868244.848096 -1.493415 -0.067456 0.196386 -0.066621 0.245033 0.182783 0.949795
1311868244.880436 -1.487484 -0.058990 0.190376 -0.066193 0.247204 0.182632 0.949292
1311868244.912189 -1.484175 -0.050329 0.184891 -0.067726 0.248585 0.180418 0.949246
1311868244.948056 -1.473793 -0.042826 0.175804 -0.068698 0.247128 0.180108 0.949616
1311868244.980073 -1.465808 -0.056473 0.179615 -0.076075 0.249410 0.178740 0.948715
1311868245.012295 -1.426191 -0.023956 0.196995 -0.074362 0.241452 0.176887 0.951253
1311868245.048320 -1.466898 -0.037359 0.173019 -0.079356 0.249051 0.178066 0.948667
1311868245.080152 -1.461281 -0.030774 0.174629 -0.079235 0.249924 0.176004 0.948832
1311868245.112252 -1.452148 -0.019455 0.175734 -0.077233 0.250745 0.173784 0.949190
1311868245.148152 -1.451642 -0.023969 0.172793 -0.079523 0.254930 0.175471 0.947574
1311868245.179920 -1.445473 -0.023057 0.171662 -0.078784 0.258584 0.175173 0.946701
1311868245.212180 -1.436324 -0.016073 0.168293 -0.075391 0.258535 0.173203 0.947352
1311868245.248256 -1.435522 -0.020089 0.167320 -0.075171 0.257594 0.172665 0.947724
1311868245.280237 -1.427617 -0.011292 0.167696 -0.072073 0.251825 0.172358 0.949570
1311868245.312188 -1.425125 -0.016063 0.170240 -0.071964 0.248837 0.170708 0.950663
1311868245.348205 -1.415336 -0.009033 0.157400 -0.068241 0.241808 0.171370 0.952630
1311868245.380074 -1.401780 -0.008162 0.155172 -0.066324 0.238985 0.169876 0.953745
1311868245.412242 -1.396256 -0.004224 0.149652 -0.064061 0.236997 0.166717 0.954952
1311868245.448230 -1.390228 -0.006554 0.156636 -0.064907 0.236767 0.165206 0.955215
1311868245.480081 -1.387044 0.003360 0.139058 -0.058735 0.231677 0.168985 0.956201
1311868245.512280 -1.383284 -0.001527 0.140475 -0.058440 0.229511 0.166827 0.957120
1311868245.548216 -1.375703 0.002681 0.155655 -0.057577 0.227452 0.164213 0.958115
1311868245.580262 -1.315999 0.021156 0.177404 -0.054049 0.212759 0.160598 0.962300
1311868245.612262 -1.347955 0.029913 0.143882 -0.050558 0.217976 0.159498 0.961504
1311868245.648241 -1.339454 0.036625 0.138335 -0.051646 0.218231 0.162982 0.960804
1311868245.680250 -1.334794 0.035700 0.143459 -0.054648 0.223497 0.166245 0.958867
1311868245.716121 -1.325999 0.044264 0.136711 -0.053065 0.224824 0.170764 0.957851
1311868245.748208 -1.320415 0.044661 0.131447 -0.053741 0.224808 0.176403 0.956794
1311868245.780177 -1.317611 0.053715 0.125642 -0.051844 0.221499 0.181026 0.956807
1311868245.816257 -1.308222 0.052852 0.121480 -0.053917 0.216093 0.183298 0.957496
1311868245.848193 -1.305046 0.064619 0.119587 -0.052535 0.212274 0.183858 0.958319
1311868245.880182 -1.308226 0.062841 0.112499 -0.055548 0.209826 0.187515 0.957980
1311868245.916227 -1.292482 0.069858 0.111110 -0.057852 0.205315 0.185557 0.959202
1311868245.948179 -1.250396 0.073361 0.143049 -0.062346 0.198930 0.185227 0.960328
1311868245.980265 -1.277455 0.076704 0.100418 -0.063109 0.200777 0.183911 0.960147
1311868246.016098 -1.276509 0.084448 0.099563 -0.065167 0.200792 0.180076 0.960733
1311868246.048196 -1.270471 0.085033 0.087841 -0.070099 0.197356 0.174714 0.962087
1311868246.080289 -1.266438 0.090799 0.082191 -0.073044 0.194064 0.171279 0.963155
1311868246.116229 -1.264510 0.094185 0.074510 -0.075820 0.191131 0.169253 0.963885
1311868246.148198 -1.264166 0.098205 0.068958 -0.078044 0.187895 0.168173 0.964532
1311868246.180201 -1.263524 0.101887 0.061295 -0.080571 0.184530 0.168107 0.964986
1311868246.216086 -1.252481 0.111075 0.060690 -0.080779 0.181875 0.166533 0.965745
1311868246.248127 -1.249888 0.105633 0.051162 -0.084025 0.182235 0.168262 0.965100
1311868246.280157 -1.250399 0.119598 0.044552 -0.082094 0.183234 0.168378 0.965057
1311868246.316184 -1.244610 0.122941 0.039792 -0.083741 0.183905 0.165255 0.965327
1311868246.348101 -1.211963 0.124716 0.071803 -0.087343 0.180694 0.164000 0.965829
1311868246.380220 -1.231727 0.136091 0.019536 -0.083257 0.178880 0.162754 0.966738
1311868246.416139 -1.235547 0.139877 0.013088 -0.084989 0.177811 0.161981 0.966914
1311868246.448298 -1.229306 0.144713 0.007856 -0.086789 0.175347 0.161941 0.967210
1311868246.480362 -1.236885 0.155637 0.001980 -0.086008 0.177694 0.161703 0.966892
1311868246.516170 -1.237711 0.152104 -0.008306 -0.090214 0.178519 0.163768 0.966008
1311868246.548357 -1.227540 0.162902 -0.014002 -0.089914 0.176507 0.163218 0.966499
1311868246.580161 -1.229761 0.160494 -0.020055 -0.093692 0.177452 0.162961 0.966010
1311868246.616068 -1.226255 0.172141 -0.025331 -0.093673 0.177134 0.162269 0.966187
1311868246.648250 -1.232826 0.174116 -0.041947 -0.095129 0.179084 0.164470 0.965313
1311868246.680335 -1.230433 0.182864 -0.039789 -0.096393 0.179732 0.164835 0.965005
1311868246.716264 -1.208753 0.177128 0.000184 -0.103601 0.180666 0.167208 0.963674
1311868246.748855 -1.216892 0.193429 -0.047467 -0.097962 0.179026 0.168479 0.964349
1311868246.780364 -1.214101 0.199239 -0.053443 -0.098504 0.179347 0.167063 0.964480
1311868246.816180 -1.221649 0.200538 -0.056924 -0.098800 0.183029 0.165568 0.964016
1311868246.848370 -1.214183 0.202878 -0.063124 -0.099645 0.182798 0.165941 0.963908
1311868246.880261 -1.218068 0.211128 -0.068332 -0.098013 0.185474 0.166653 0.963442
1311868246.916243 -1.210431 0.210029 -0.074975 -0.098880 0.185695 0.168616 0.962969
1311868246.948199 -1.204687 0.211826 -0.078632 -0.098880 0.186032 0.168996 0.962837
1311868246.980258 -1.218631 0.211655 -0.081184 -0.098630 0.191453 0.168004 0.961973
1311868247.016214 -1.209841 0.209706 -0.085118 -0.099454 0.191930 0.170171 0.961412
1311868247.048425 -1.202986 0.219069 -0.086889 -0.097839 0.192273 0.171225 0.961322
1311868247.080182 -1.198250 0.216817 -0.087748 -0.099009 0.194392 0.172209 0.960600
1311868247.116311 -1.201352 0.214344 -0.090066 -0.098832 0.197737 0.173906 0.959630
1311868247.148430 -1.200345 0.204351 -0.092351 -0.100257 0.199088 0.176035 0.958814
1311868247.180293 -1.178570 0.215336 -0.093696 -0.098594 0.193408 0.176530 0.960057
1311868247.216432 -1.173606 0.208545 -0.093622 -0.099478 0.192213 0.177147 0.960092
1311868247.248170 -1.182384 0.193868 -0.092891 -0.101279 0.195590 0.175981 0.959436
1311868247.280345 -1.170320 0.206532 -0.094511 -0.097774 0.192774 0.176927 0.960195
1311868247.316293 -1.183769 0.209450 -0.099367 -0.096069 0.196464 0.178339 0.959358
1311868247.348285 -1.167689 0.198771 -0.089578 -0.099366 0.195261 0.175543 0.959784
1311868247.380602 -1.152641 0.200972 -0.093113 -0.098338 0.192542 0.173531 0.960804
1311868247.416268 -1.156501 0.196218 -0.092806 -0.099133 0.195904 0.172817 0.960171
1311868247.448333 -1.152792 0.194307 -0.090776 -0.099110 0.197132 0.171553 0.960149
1311868247.480433 -1.150318 0.190356 -0.090781 -0.099391 0.196833 0.169654 0.960519
1311868247.516146 -1.147099 0.194397 -0.083821 -0.097475 0.197073 0.169467 0.960698
1311868247.548460 -1.124786 0.177072 -0.036832 -0.102926 0.198369 0.168221 0.960082
1311868247.580231 -1.134949 0.191813 -0.095669 -0.094999 0.194449 0.167989 0.961740
1311868247.616424 -1.123996 0.178294 -0.076532 -0.094874 0.193722 0.169099 0.961705
1311868247.648229 -1.118822 0.179590 -0.076409 -0.091183 0.192269 0.170710 0.962069
1311868247.680389 -1.107876 0.164459 -0.066672 -0.093132 0.191404 0.172261 0.961778
1311868247.716208 -1.099753 0.167816 -0.071920 -0.089868 0.189117 0.173014 0.962406
1311868247.748343 -1.090357 0.158873 -0.068161 -0.091137 0.187835 0.171922 0.962733
1311868247.780427 -1.084411 0.152175 -0.069197 -0.091614 0.187976 0.168597 0.963248
1311868247.816205 -1.073462 0.145034 -0.054107 -0.093394 0.189973 0.165453 0.963231
1311868247.848368 -1.067200 0.137790 -0.049522 -0.094265 0.191999 0.162296 0.963281
1311868247.880235 -1.059007 0.135302 -0.046748 -0.093283 0.193163 0.160436 0.963456
1311868247.916219 -1.036492 0.124376 -0.006387 -0.096624 0.194020 0.158807 0.963224
1311868247.948167 -1.037107 0.134432 -0.044282 -0.089199 0.191282 0.156217 0.964910
1311868247.980227 -1.024512 0.126971 -0.039437 -0.089465 0.189984 0.157537 0.964927
1311868248.016215 -1.015037 0.130217 -0.038623 -0.086649 0.188349 0.158248 0.965388
1311868248.048245 -1.014725 0.124969 -0.034002 -0.085544 0.188930 0.159418 0.965181
1311868248.080326 -1.001822 0.120028 -0.031639 -0.084511 0.184903 0.157464 0.966371
1311868248.116239 -0.995013 0.110929 -0.030333 -0.085176 0.180898 0.157532 0.967060
1311868248.148302 -0.990668 0.108912 -0.025379 -0.085129 0.178292 0.157228 0.967597
1311868248.180377 -0.982446 0.103837 -0.017230 -0.086141 0.176819 0.156846 0.967840
1311868248.216356 -0.975468 0.104692 -0.021534 -0.083360 0.174050 0.159747 0.968111
1311868248.248345 -0.950297 0.075558 0.014923 -0.095100 0.170832 0.163179 0.967029
1311868248.280257 -0.952229 0.084807 -0.015361 -0.090242 0.168094 0.159460 0.968593
1311868248.316226 -0.942589 0.077651 -0.015653 -0.091311 0.166692 0.157424 0.969069
1311868248.348315 -0.937716 0.087441 -0.012246 -0.089546 0.166643 0.153076 0.969938
1311868248.380451 -0.930646 0.068681 -0.003955 -0.096830 0.167334 0.152526 0.969205
1311868248.416340 -0.915022 0.075282 -0.008840 -0.095273 0.162408 0.151675 0.970330
1311868248.448353 -0.906764 0.069250 -0.011221 -0.096955 0.159390 0.151565 0.970682
1311868248.480364 -0.904133 0.065009 0.001669 -0.099708 0.158749 0.150798 0.970627
1311868248.516261 -0.888158 0.064693 -0.002218 -0.099769 0.152281 0.149188 0.971905
1311868248.548298 -0.882250 0.058360 0.002245 -0.101390 0.149634 0.146942 0.972490
1311868248.580330 -0.878757 0.058841 0.007551 -0.100290 0.148049 0.144036 0.973282
1311868248.616364 -0.851891 0.042538 0.034668 -0.108359 0.141781 0.141265 0.973756
1311868248.648465 -0.853123 0.052235 0.008753 -0.104215 0.141907 0.132016 0.975486
1311868248.680356 -0.842886 0.048170 0.011030 -0.105380 0.143232 0.126494 0.975899
1311868248.716495 -0.834473 0.041725 0.011763 -0.108401 0.144594 0.119230 0.976282
1311868248.748482 -0.821474 0.040089 0.005880 -0.112532 0.140421 0.114461 0.976994
1311868248.780288 -0.813251 0.031143 0.007965 -0.116077 0.137582 0.111798 0.977291
1311868248.816469 -0.802044 0.029273 0.008676 -0.118463 0.131385 0.109646 0.978101
1311868248.848299 -0.794228 0.021175 0.009959 -0.122554 0.125730 0.111364 0.978147
1311868248.880380 -0.785437 0.024013 0.013706 -0.122065 0.121732 0.112545 0.978578
1311868248.916530 -0.772826 0.013883 0.011110 -0.125214 0.118511 0.115311 0.978254
1311868248.948257 -0.759553 0.002401 0.041872 -0.130856 0.121017 0.119425 0.976713
1311868248.980371 -0.762934 0.007969 0.017021 -0.124126 0.128690 0.116463 0.976969
1311868249.016517 -0.760814 0.004571 0.019273 -0.124358 0.135141 0.115204 0.976217
1311868249.048258 -0.750255 0.000434 0.022754 -0.124385 0.138947 0.112634 0.975979
1311868249.080657 -0.733973 -0.003386 0.014196 -0.125654 0.137323 0.111759 0.976147
1311868249.116343 -0.731180 -0.003550 0.019065 -0.126772 0.140008 0.111782 0.975618
1311868249.148549 -0.726931 -0.010837 0.023073 -0.129819 0.142259 0.110952 0.974987
1311868249.180476 -0.712682 -0.009501 0.018619 -0.130511 0.139157 0.109788 0.975474
1311868249.216410 -0.710540 -0.009784 0.023164 -0.130529 0.142252 0.109015 0.975111
1311868249.248249 -0.703682 -0.014065 0.026209 -0.129390 0.144202 0.111592 0.974685
1311868249.280715 -0.689971 -0.016644 0.025782 -0.129686 0.141381 0.109659 0.975278
1311868249.316586 -0.689378 -0.019784 0.031215 -0.128455 0.142729 0.110897 0.975105
1311868249.348357 -0.681078 -0.025001 0.031902 -0.127332 0.141735 0.110372 0.975457
1311868249.380649 -0.653406 -0.039992 0.055788 -0.133806 0.134683 0.112480 0.975348
1311868249.416459 -0.670434 -0.034498 0.038577 -0.125736 0.141834 0.110966 0.975582
1311868249.448316 -0.663763 -0.040426 0.039076 -0.124847 0.140942 0.111406 0.975775
1311868249.480373 -0.662604 -0.048546 0.046252 -0.124403 0.142887 0.111487 0.975540
1311868249.516272 -0.658223 -0.045858 0.048099 -0.120243 0.143909 0.111260 0.975937
1311868249.548294 -0.650302 -0.055342 0.049778 -0.119701 0.145623 0.109011 0.976003
1311868249.580331 -0.649549 -0.060714 0.055472 -0.117458 0.149100 0.106647 0.976012
1311868249.616312 -0.641975 -0.068995 0.056447 -0.117370 0.148908 0.105544 0.976172
1311868249.648364 -0.636368 -0.072748 0.061701 -0.116120 0.148186 0.107252 0.976245
1311868249.680685 -0.634497 -0.084522 0.069649 -0.119046 0.148110 0.107404 0.975887
1311868249.716340 -0.632998 -0.074316 0.077071 -0.114902 0.147414 0.107176 0.976514
1311868249.748334 -0.625161 -0.087243 0.078417 -0.119441 0.145304 0.109103 0.976072
1311868249.780683 -0.634548 -0.094339 0.091784 -0.119963 0.150970 0.108842 0.975177
1311868249.816620 -0.629819 -0.094429 0.097118 -0.117558 0.151422 0.109108 0.975370
1311868249.848322 -0.591292 -0.113426 0.112488 -0.124889 0.140648 0.109322 0.976048
1311868249.880507 -0.608335 -0.101874 0.100727 -0.113470 0.149123 0.108471 0.976279
1311868249.916563 -0.604311 -0.108547 0.108516 -0.112471 0.151039 0.109565 0.975978
1311868249.948306 -0.603173 -0.119092 0.113802 -0.112253 0.153883 0.110028 0.975507
1311868249.980348 -0.605831 -0.132677 0.125617 -0.112569 0.158532 0.110007 0.974728
1311868250.016358 -0.590330 -0.129404 0.123007 -0.107109 0.154689 0.110313 0.975925
1311868250.048559 -0.587682 -0.139118 0.129570 -0.106945 0.156670 0.109541 0.975714
1311868250.080466 -0.592022 -0.144148 0.137566 -0.105153 0.160686 0.108803 0.975338
1311868250.116495 -0.588146 -0.151959 0.144514 -0.104078 0.161725 0.106921 0.975490
1311868250.148589 -0.584457 -0.159361 0.150732 -0.103553 0.162105 0.104454 0.975750
1311868250.180457 -0.593306 -0.164583 0.160701 -0.102113 0.165839 0.105676 0.975143
1311868250.216361 -0.562807 -0.185650 0.172324 -0.110421 0.153484 0.107042 0.976111
1311868250.248624 -0.572926 -0.186277 0.163337 -0.105061 0.154319 0.108817 0.976374
1311868250.280374 -0.567782 -0.191983 0.167519 -0.103677 0.152143 0.109075 0.976835
1311868250.316452 -0.565881 -0.200878 0.172670 -0.102897 0.151415 0.111101 0.976802
1311868250.348963 -0.567614 -0.202677 0.179191 -0.099666 0.152205 0.112827 0.976817
1311868250.380598 -0.561166 -0.207405 0.181784 -0.098675 0.150377 0.110500 0.977466
1311868250.416431 -0.556360 -0.214416 0.184706 -0.097610 0.149832 0.110361 0.977672
1311868250.448319 -0.557364 -0.221739 0.186478 -0.096958 0.150804 0.109273 0.977710
1311868250.480450 -0.555364 -0.225522 0.192336 -0.095581 0.150409 0.108657 0.977975
1311868250.516364 -0.556745 -0.231752 0.198806 -0.095595 0.150667 0.105209 0.978311
1311868250.548715 -0.553277 -0.239006 0.202114 -0.096311 0.146510 0.107142 0.978662
1311868250.580440 -0.553382 -0.240489 0.204783 -0.095048 0.143004 0.110206 0.978964
1311868250.616408 -0.549460 -0.249463 0.205755 -0.095984 0.139115 0.113666 0.979037
1311868250.648757 -0.537183 -0.257873 0.222119 -0.099209 0.134812 0.111663 0.979548
1311868250.680503 -0.536696 -0.263870 0.210295 -0.095705 0.136135 0.111824 0.979696
1311868250.716511 -0.536379 -0.268077 0.215902 -0.093605 0.138280 0.112362 0.979536
1311868250.748430 -0.543225 -0.272042 0.216699 -0.091131 0.141592 0.110640 0.979493
1311868250.780601 -0.540545 -0.279275 0.218932 -0.090933 0.139906 0.109070 0.979929
1311868250.816420 -0.539853 -0.283230 0.219151 -0.089193 0.138956 0.107560 0.980391
1311868250.848395 -0.541563 -0.287206 0.221276 -0.086205 0.139498 0.106796 0.980665
1311868250.880463 -0.538259 -0.291437 0.220799 -0.085404 0.138399 0.106375 0.980936
1311868250.916361 -0.533900 -0.293950 0.222253 -0.084684 0.138031 0.105082 0.981190
1311868250.948745 -0.535375 -0.302111 0.224582 -0.083371 0.140792 0.101662 0.981270
1311868250.980502 -0.541364 -0.299438 0.224120 -0.077846 0.142694 0.098060 0.981816
1311868251.016390 -0.543633 -0.298294 0.224043 -0.076261 0.141049 0.095417 0.982438
1311868251.048640 -0.546423 -0.298974 0.224926 -0.076423 0.138442 0.092312 0.983093
1311868251.080543 -0.544699 -0.296115 0.222109 -0.076138 0.134287 0.091728 0.983746
1311868251.116502 -0.541092 -0.295675 0.221788 -0.077284 0.131588 0.092451 0.983954
1311868251.148411 -0.533046 -0.296774 0.217979 -0.078358 0.129243 0.095265 0.983911
1311868251.180611 -0.534418 -0.293188 0.218125 -0.078336 0.131682 0.093512 0.983757
1311868251.216444 -0.532712 -0.292564 0.217053 -0.079092 0.133768 0.092013 0.983557
1311868251.248388 -0.535219 -0.284546 0.214523 -0.078036 0.136490 0.088787 0.983564
1311868251.280411 -0.529221 -0.282004 0.215091 -0.079444 0.135874 0.087017 0.983695
1311868251.316903 -0.530419 -0.278963 0.213489 -0.080183 0.136919 0.083675 0.983780
1311868251.348494 -0.525264 -0.274901 0.209232 -0.081014 0.135935 0.084084 0.983813
1311868251.380800 -0.523238 -0.271505 0.207110 -0.081849 0.136676 0.085843 0.983490
1311868251.416874 -0.521481 -0.265561 0.207144 -0.081654 0.136987 0.085603 0.983483
1311868251.448794 -0.520807 -0.264409 0.203871 -0.081978 0.137088 0.085143 0.983482
1311868251.480572 -0.519772 -0.258050 0.203267 -0.082076 0.137231 0.084877 0.983477
1311868251.516467 -0.510599 -0.252695 0.198041 -0.082542 0.134019 0.087112 0.983686
1311868251.548661 -0.508738 -0.250008 0.194523 -0.084241 0.133816 0.087546 0.983531
1311868251.580755 -0.503980 -0.246792 0.188871 -0.084020 0.133437 0.089111 0.983460
1311868251.616591 -0.497541 -0.242778 0.186426 -0.083139 0.132119 0.091824 0.983464
1311868251.649011 -0.498658 -0.240827 0.183475 -0.081842 0.133126 0.091578 0.983460
1311868251.681056 -0.493834 -0.234741 0.173228 -0.080189 0.131201 0.090560 0.983949
1311868251.716509 -0.491869 -0.230758 0.169215 -0.080505 0.130827 0.087111 0.984284
1311868251.748667 -0.485621 -0.227363 0.162570 -0.080700 0.129642 0.083186 0.984764
1311868251.780606 -0.472187 -0.221878 0.156732 -0.080559 0.127644 0.081016 0.985218
1311868251.816706 -0.465660 -0.219671 0.162064 -0.083456 0.128354 0.079002 0.985048
1311868251.848729 -0.472841 -0.210017 0.139493 -0.079768 0.131181 0.078749 0.985001
1311868251.881180 -0.465649 -0.205737 0.134246 -0.080617 0.129166 0.079957 0.985101
1311868251.916574 -0.461203 -0.203568 0.127271 -0.082197 0.128581 0.078155 0.985191
1311868251.948786 -0.452938 -0.197693 0.124343 -0.082137 0.126590 0.077543 0.985503
1311868251.980523 -0.439550 -0.194551 0.116598 -0.082566 0.123336 0.076656 0.985949
1311868252.016633 -0.437663 -0.196128 0.110386 -0.081899 0.125288 0.074674 0.985910
1311868252.048722 -0.431518 -0.189170 0.105047 -0.079787 0.125300 0.073079 0.986201
1311868252.081141 -0.425366 -0.188422 0.093215 -0.080518 0.124782 0.070540 0.986393
1311868252.116709 -0.429931 -0.187369 0.092478 -0.080841 0.127403 0.069091 0.986134
1311868252.148733 -0.411853 -0.181178 0.079222 -0.079690 0.120618 0.066982 0.987225
1311868252.180550 -0.390853 -0.183521 0.091949 -0.084503 0.114824 0.064245 0.987698
1311868252.216665 -0.394376 -0.175095 0.063168 -0.080129 0.116579 0.059064 0.988180
1311868252.249056 -0.397265 -0.173128 0.058411 -0.080232 0.119768 0.054826 0.988035
1311868252.280693 -0.386695 -0.168018 0.049159 -0.079976 0.117860 0.048718 0.988605
1311868252.316579 -0.371546 -0.161646 0.035103 -0.078990 0.114545 0.042776 0.989348
1311868252.348634 -0.362566 -0.154525 0.030877 -0.079372 0.113463 0.038658 0.989612
1311868252.380676 -0.359959 -0.149335 0.025998 -0.080235 0.114102 0.035737 0.989579
1311868252.416673 -0.355407 -0.142665 0.016414 -0.081289 0.113044 0.033929 0.989678
1311868252.448807 -0.338849 -0.134526 0.014541 -0.082266 0.106694 0.035450 0.990248
1311868252.480598 -0.322954 -0.132991 0.029397 -0.087929 0.101416 0.036902 0.990263
1311868252.516633 -0.319609 -0.127528 -0.005419 -0.087438 0.097668 0.039158 0.990597
1311868252.550037 -0.313876 -0.120700 -0.011041 -0.087569 0.095109 0.040715 0.990772
1311868252.580747 -0.303817 -0.114389 -0.016088 -0.089068 0.091888 0.040940 0.990933
1311868252.616626 -0.297662 -0.108010 -0.020680 -0.090284 0.091399 0.042632 0.990796
1311868252.649109 -0.294424 -0.104926 -0.027352 -0.092705 0.092510 0.043457 0.990434
1311868252.680706 -0.279250 -0.096594 -0.034775 -0.093851 0.090129 0.042979 0.990566
1311868252.716568 -0.271809 -0.092698 -0.039612 -0.095641 0.090422 0.042326 0.990396
1311868252.748687 -0.266426 -0.087081 -0.045763 -0.096761 0.090850 0.043587 0.990194
1311868252.780724 -0.249244 -0.080829 -0.017844 -0.100700 0.088697 0.043877 0.989983
1311868252.816693 -0.255453 -0.076424 -0.051542 -0.099952 0.089983 0.045339 0.989877
1311868252.848740 -0.251252 -0.072615 -0.056071 -0.101762 0.089803 0.046076 0.989675
1311868252.880663 -0.251401 -0.072217 -0.058006 -0.104119 0.092436 0.048213 0.989086
1311868252.916592 -0.233820 -0.063280 -0.062365 -0.103161 0.088588 0.049375 0.989481
1311868252.948689 -0.229871 -0.060600 -0.065279 -0.104570 0.088804 0.049910 0.989287
1311868252.980733 -0.225089 -0.057882 -0.066869 -0.105014 0.089315 0.050856 0.989145
1311868253.016742 -0.220002 -0.053223 -0.068272 -0.104550 0.089333 0.051917 0.989138
1311868253.048837 -0.211375 -0.050347 -0.069405 -0.105522 0.087969 0.053505 0.989072
1311868253.080812 -0.196439 -0.047194 -0.074586 -0.104624 0.085744 0.054024 0.989335
1311868253.116735 -0.198200 -0.046419 -0.073146 -0.104539 0.088887 0.056770 0.988913
1311868253.148796 -0.184284 -0.037051 -0.073664 -0.103093 0.086816 0.057998 0.989177
1311868253.181948 -0.179652 -0.039235 -0.076133 -0.106131 0.088572 0.060236 0.988566
1311868253.216569 -0.179229 -0.041571 -0.077740 -0.108924 0.091792 0.060764 0.987936
1311868253.248725 -0.149129 -0.030336 -0.047265 -0.110245 0.086312 0.057674 0.988469
1311868253.280713 -0.153867 -0.030292 -0.084660 -0.110148 0.089973 0.056517 0.988220
1311868253.316664 -0.152458 -0.033216 -0.084233 -0.112812 0.094240 0.056319 0.987533
1311868253.348831 -0.147110 -0.032032 -0.081498 -0.113903 0.096932 0.057238 0.987094
1311868253.381067 -0.136612 -0.026130 -0.081892 -0.112913 0.096621 0.056002 0.987309
1311868253.416763 -0.125770 -0.027699 -0.087120 -0.114770 0.095881 0.056338 0.987148
1311868253.448691 -0.121665 -0.022535 -0.082110 -0.113693 0.098135 0.057620 0.986977
1311868253.480853 -0.112298 -0.024545 -0.081021 -0.116191 0.098188 0.058498 0.986629
1311868253.516704 -0.110894 -0.026915 -0.076780 -0.118570 0.100807 0.059210 0.986039
1311868253.548549 -0.108823 -0.030411 -0.079699 -0.119971 0.102320 0.059160 0.985717
1311868253.581530 -0.083908 -0.025947 -0.077259 -0.118882 0.095810 0.057809 0.986583
1311868253.616743 -0.078001 -0.028501 -0.078250 -0.118384 0.095057 0.057109 0.986756
1311868253.648742 -0.074994 -0.035388 -0.079955 -0.117924 0.096137 0.057747 0.986670
1311868253.680645 -0.049782 -0.026486 -0.040256 -0.113768 0.089452 0.056480 0.987859
1311868253.716771 -0.056953 -0.021192 -0.071447 -0.107824 0.088723 0.058805 0.988456
1311868253.748837 -0.052218 -0.022727 -0.071415 -0.108984 0.087164 0.060010 0.988394
1311868253.780775 -0.037687 -0.017261 -0.068608 -0.107300 0.084109 0.060915 0.988788
1311868253.816654 -0.025960 -0.011485 -0.066059 -0.106434 0.082576 0.062367 0.988920
1311868253.848746 -0.022970 -0.012312 -0.064821 -0.107088 0.083951 0.063323 0.988673
1311868253.880980 -0.025416 -0.010181 -0.066107 -0.106786 0.086348 0.063396 0.988495
1311868253.916916 -0.012012 -0.015827 -0.067006 -0.110367 0.082587 0.064349 0.988361
1311868253.948752 -0.005857 -0.012066 -0.070405 -0.110277 0.081528 0.066458 0.988320
1311868253.980731 -0.001966 -0.013577 -0.066998 -0.112075 0.081858 0.064985 0.988188
1311868254.016718 0.004301 -0.011509 -0.066631 -0.112145 0.080921 0.062403 0.988424
1311868254.049168 0.021339 -0.006933 -0.065027 -0.111010 0.076810 0.059386 0.989065
1311868254.080850 0.018591 -0.009724 -0.067120 -0.112075 0.079867 0.056020 0.988899
1311868254.116780 0.026802 -0.000845 -0.068344 -0.109245 0.077737 0.054427 0.989475
1311868254.148648 0.056102 0.009013 -0.036646 -0.108822 0.069404 0.048851 0.990431
1311868254.180791 0.048203 0.011008 -0.073231 -0.107114 0.069424 0.049156 0.990601
1311868254.216747 0.051445 0.011628 -0.073345 -0.108652 0.067206 0.048109 0.990638
1311868254.248926 0.061104 0.012438 -0.074638 -0.109569 0.061717 0.048170 0.990891
1311868254.281235 0.069990 0.018907 -0.078104 -0.109743 0.055869 0.047588 0.991247
1311868254.316692 0.081642 0.016540 -0.080299 -0.112596 0.050388 0.045962 0.991297
1311868254.348771 0.096351 0.024211 -0.078566 -0.112048 0.044114 0.044915 0.991707
1311868254.380853 0.093616 0.024223 -0.081430 -0.114688 0.044460 0.042460 0.991497
1311868254.416896 0.102378 0.030012 -0.087615 -0.115109 0.040656 0.038795 0.991762
1311868254.448907 0.113403 0.026448 -0.090948 -0.118528 0.036619 0.033610 0.991706
1311868254.481183 0.144295 0.035513 -0.050917 -0.119969 0.026289 0.025641 0.992098
1311868254.516676 0.138393 0.035627 -0.101618 -0.120056 0.025646 0.024978 0.992121
1311868254.548867 0.143537 0.036238 -0.109909 -0.122913 0.021543 0.023131 0.991914
1311868254.580918 0.155553 0.035390 -0.113274 -0.127215 0.014935 0.020563 0.991549
1311868254.616771 0.160772 0.045797 -0.114056 -0.127033 0.012416 0.016555 0.991683
1311868254.648657 0.173302 0.048135 -0.117621 -0.129748 0.008384 0.013772 0.991416
1311868254.680858 0.184766 0.047988 -0.119538 -0.132352 0.005934 0.012015 0.991112
1311868254.716785 0.195487 0.054823 -0.123449 -0.132798 0.003238 0.010145 0.991086
1311868254.748845 0.206726 0.052333 -0.124814 -0.137213 -0.000519 0.009446 0.990496
1311868254.784875 0.223124 0.065039 -0.074599 -0.138415 -0.006340 0.006317 0.990334
1311868254.816878 0.220446 0.060087 -0.126558 -0.140303 -0.006533 0.008191 0.990053
1311868254.848916 0.232635 0.067736 -0.128712 -0.139491 -0.010021 0.006518 0.990151
1311868254.885176 0.239088 0.068396 -0.133200 -0.141841 -0.010653 0.006430 0.989811
1311868254.916952 0.240191 0.071067 -0.129466 -0.143383 -0.009096 0.005981 0.989607
1311868254.948966 0.257306 0.080712 -0.138150 -0.141971 -0.014139 0.007741 0.989740
1311868254.984826 0.261454 0.077596 -0.139965 -0.145241 -0.015373 0.007658 0.989247
1311868255.016920 0.269603 0.080526 -0.142227 -0.145809 -0.017429 0.007416 0.989131
1311868255.049320 0.267097 0.085307 -0.144733 -0.145677 -0.016273 0.007394 0.989171
1311868255.084997 0.281480 0.085088 -0.146526 -0.146775 -0.020363 0.006880 0.988936
1311868255.116728 0.284502 0.088162 -0.151645 -0.145684 -0.021044 0.007015 0.989082
1311868255.148803 0.289448 0.092901 -0.155188 -0.145017 -0.022838 0.006681 0.989143
1311868255.185128 0.292313 0.091213 -0.154565 -0.147113 -0.024041 0.006075 0.988809
1311868255.216885 0.305791 0.102665 -0.104043 -0.146638 -0.028442 0.002680 0.988778
1311868255.248740 0.307919 0.102043 -0.153933 -0.144035 -0.028952 0.003155 0.989144
1311868255.285013 0.318162 0.106389 -0.156237 -0.143415 -0.031550 0.003676 0.989153
1311868255.316993 0.314967 0.101874 -0.154765 -0.145406 -0.030143 0.004344 0.988903
1311868255.349004 0.328184 0.108251 -0.155114 -0.144470 -0.034068 0.003527 0.988916
1311868255.384831 0.321817 0.096744 -0.163824 -0.148451 -0.030845 0.005761 0.988422
1311868255.417465 0.334903 0.105291 -0.157157 -0.145603 -0.033035 0.004355 0.988782
1311868255.448957 0.338105 0.108771 -0.158703 -0.143387 -0.032749 0.004885 0.989113
1311868255.484846 0.345127 0.111205 -0.157148 -0.141518 -0.034770 0.004451 0.989315
1311868255.517093 0.347448 0.108385 -0.159776 -0.141138 -0.035114 0.005634 0.989351
1311868255.548944 0.357034 0.111077 -0.164093 -0.139856 -0.037669 0.006322 0.989435
1311868255.585756 0.354466 0.109928 -0.160791 -0.140826 -0.036532 0.007918 0.989328
1311868255.616865 0.356482 0.115933 -0.157679 -0.139417 -0.034837 0.008579 0.989584
1311868255.649271 0.367191 0.111828 -0.156571 -0.141341 -0.035684 0.008438 0.989282
1311868255.684941 0.370611 0.107677 -0.162346 -0.143857 -0.034263 0.008880 0.988965
1311868255.716862 0.372804 0.113479 -0.159708 -0.141978 -0.033037 0.005894 0.989301
1311868255.748794 0.375735 0.115668 -0.156876 -0.141037 -0.032239 0.003699 0.989472
1311868255.784952 0.387399 0.107592 -0.152104 -0.144252 -0.035078 0.002206 0.988917
1311868255.817549 0.391149 0.111892 -0.155879 -0.143670 -0.034073 0.002704 0.989035
1311868255.848787 0.397693 0.111170 -0.100606 -0.147927 -0.034036 0.000806 0.988412
1311868255.884951 0.411684 0.113317 -0.136934 -0.143374 -0.036111 0.001340 0.989009
1311868255.916866 0.420698 0.108236 -0.129512 -0.144627 -0.036800 0.002235 0.988799
1311868255.948865 0.422920 0.115333 -0.130761 -0.141872 -0.035278 0.003660 0.989249
1311868255.984771 0.428910 0.110040 -0.132459 -0.143699 -0.036188 0.004707 0.988948
1311868256.017528 0.442953 0.106364 -0.125782 -0.144789 -0.039891 0.002642 0.988655
1311868256.048877 0.452644 0.099006 -0.121703 -0.146945 -0.042017 0.001281 0.988251
1311868256.084847 0.448320 0.100085 -0.120690 -0.146042 -0.038996 -0.001403 0.988509
1311868256.117284 0.465100 0.095165 -0.119749 -0.146295 -0.042329 -0.004721 0.988324
1311868256.149657 0.468302 0.095188 -0.115630 -0.143886 -0.041224 -0.008043 0.988703
1311868256.184808 0.487876 0.089012 -0.110353 -0.143832 -0.045985 -0.010462 0.988478
1311868256.216920 0.487482 0.088315 -0.107772 -0.143327 -0.043956 -0.010533 0.988643
1311868256.248884 0.492010 0.088718 -0.110127 -0.143392 -0.043692 -0.011726 0.988631
1311868256.284837 0.502029 0.075935 -0.062563 -0.150923 -0.046021 -0.014847 0.987362
1311868256.316827 0.512720 0.073225 -0.088321 -0.145838 -0.047707 -0.017260 0.988007
1311868256.348901 0.524249 0.070264 -0.081801 -0.143812 -0.049022 -0.018934 0.988209
1311868256.385489 0.533139 0.073878 -0.083414 -0.138618 -0.049246 -0.022668 0.988861
1311868256.417708 0.532041 0.075111 -0.084150 -0.134744 -0.046654 -0.023786 0.989496
1311868256.448918 0.542836 0.064878 -0.075260 -0.134939 -0.049166 -0.022591 0.989375
1311868256.484903 0.548609 0.064885 -0.078611 -0.132680 -0.050249 -0.021045 0.989661
1311868256.517192 0.557298 0.062547 -0.075301 -0.130711 -0.052788 -0.020208 0.989808
1311868256.548816 0.560665 0.056624 -0.067974 -0.129906 -0.053485 -0.019419 0.989892
1311868256.584898 0.571612 0.057943 -0.071279 -0.127185 -0.055946 -0.017662 0.990142
1311868256.616929 0.584287 0.050728 -0.068854 -0.126049 -0.057339 -0.018410 0.990194
1311868256.649078 0.592373 0.038194 -0.029576 -0.130592 -0.057656 -0.017310 0.989607
1311868256.684944 0.597845 0.051714 -0.062652 -0.120776 -0.057817 -0.015359 0.990876
1311868256.717133 0.612418 0.043950 -0.061336 -0.121793 -0.060824 -0.015808 0.990564
1311868256.749056 0.613826 0.046096 -0.058627 -0.118998 -0.060576 -0.017008 0.990899
1311868256.785171 0.622905 0.044457 -0.051760 -0.117845 -0.063896 -0.017878 0.990813
1311868256.816832 0.629536 0.037314 -0.049406 -0.118588 -0.067322 -0.019787 0.990461
1311868256.848894 0.634957 0.035882 -0.050651 -0.117361 -0.070727 -0.023941 0.990278
1311868256.885027 0.640966 0.034882 -0.048853 -0.116182 -0.074485 -0.027178 0.990058
1311868256.916906 0.640929 0.032223 -0.041029 -0.116385 -0.075929 -0.028901 0.989876
1311868256.949184 0.659500 0.025692 -0.034961 -0.117104 -0.081529 -0.032150 0.989245
1311868256.984945 0.665740 0.031494 -0.027667 -0.113617 -0.082954 -0.035215 0.989429
1311868257.017144 0.663908 0.023398 -0.033743 -0.114270 -0.081633 -0.036470 0.989418
1311868257.049224 0.666472 0.022057 -0.034724 -0.112550 -0.083943 -0.039347 0.989312
1311868257.085190 0.682094 -0.006167 0.010252 -0.123347 -0.091996 -0.045389 0.987047
1311868257.116964 0.691118 0.003055 -0.022408 -0.115039 -0.096639 -0.048357 0.987466
1311868257.149165 0.705335 0.000977 -0.008770 -0.113808 -0.103454 -0.052045 0.986730
1311868257.184982 0.705803 -0.006247 -0.022827 -0.114742 -0.101928 -0.055109 0.986614
1311868257.216830 0.717462 -0.012303 -0.021091 -0.116099 -0.105542 -0.056780 0.985981
1311868257.248914 0.721344 -0.010129 -0.011726 -0.116456 -0.107825 -0.059668 0.985521
1311868257.284925 0.738430 -0.013018 0.005691 -0.118460 -0.114711 -0.064001 0.984232
1311868257.317019 0.746091 -0.020204 0.001516 -0.121264 -0.115481 -0.068594 0.983491
1311868257.348967 0.738711 -0.024766 -0.018293 -0.124291 -0.109864 -0.071770 0.983530
1311868257.384936 0.756430 -0.038490 -0.014525 -0.129502 -0.115137 -0.075805 0.981950
1311868257.416835 0.753945 -0.050351 0.031221 -0.135853 -0.118825 -0.079128 0.980389
1311868257.449069 0.763852 -0.044572 -0.002097 -0.129469 -0.122935 -0.079555 0.980712
1311868257.485023 0.777198 -0.050770 0.000304 -0.129662 -0.128034 -0.081416 0.979881
1311868257.516816 0.785701 -0.056364 0.007345 -0.128266 -0.131768 -0.083511 0.979393
1311868257.549492 0.796311 -0.058502 0.016611 -0.126210 -0.137092 -0.085884 0.978724
1311868257.585336 0.803053 -0.065619 0.020073 -0.125281 -0.140122 -0.091239 0.977929
1311868257.617970 0.803065 -0.070842 0.007265 -0.123330 -0.139030 -0.095585 0.977918
1311868257.649061 0.811371 -0.075721 0.015115 -0.122337 -0.144275 -0.097805 0.977063
1311868257.684916 0.809923 -0.077384 0.009936 -0.121143 -0.145216 -0.098579 0.976995
1311868257.717951 0.823162 -0.085685 0.018846 -0.123692 -0.152300 -0.099060 0.975547
1311868257.749626 0.833071 -0.090617 0.029185 -0.123538 -0.157630 -0.100216 0.974601
1311868257.785459 0.822832 -0.109280 0.046829 -0.129329 -0.154564 -0.105210 0.973814
1311868257.816852 0.827043 -0.098549 0.013496 -0.120112 -0.150695 -0.108746 0.975212
1311868257.849241 0.837712 -0.104681 0.025816 -0.118069 -0.153445 -0.112698 0.974584
1311868257.885261 0.831733 -0.111209 0.009601 -0.116395 -0.147890 -0.116487 0.975198
1311868257.917005 0.833920 -0.103387 0.022563 -0.112764 -0.150545 -0.119009 0.974914
1311868257.949031 0.832506 -0.113055 0.022099 -0.114971 -0.152347 -0.122346 0.973963
1311868257.985217 0.830855 -0.120993 0.017537 -0.119407 -0.155235 -0.122790 0.972917
1311868258.016837 0.831701 -0.124108 0.026061 -0.123743 -0.160832 -0.124119 0.971296
1311868258.048909 0.831051 -0.132951 0.030390 -0.127993 -0.167083 -0.125545 0.969505
1311868258.086178 0.831860 -0.138567 0.035186 -0.129730 -0.175686 -0.125514 0.967756
1311868258.117570 0.832314 -0.139348 0.032193 -0.130229 -0.181897 -0.128370 0.966165
1311868258.149278 0.841033 -0.169766 0.077404 -0.144592 -0.195969 -0.131140 0.960985
1311868258.185124 0.834438 -0.158127 0.043059 -0.138403 -0.191121 -0.129185 0.963135
1311868258.216937 0.843132 -0.164026 0.047957 -0.139392 -0.192688 -0.130667 0.962480
1311868258.251845 0.854657 -0.171600 0.073719 -0.139916 -0.196121 -0.132125 0.961511
1311868258.285207 0.859526 -0.178250 0.082248 -0.139971 -0.193638 -0.135005 0.961606
1311868258.317231 0.859725 -0.181455 0.094298 -0.141092 -0.191360 -0.136585 0.961675
1311868258.349077 0.854153 -0.192503 0.086276 -0.144502 -0.186912 -0.137416 0.961925
1311868258.384969 0.843785 -0.197168 0.093144 -0.144623 -0.184774 -0.137679 0.962282
1311868258.416975 0.847130 -0.201459 0.097903 -0.143143 -0.186833 -0.142154 0.961455
1311868258.449148 0.856655 -0.226000 0.107873 -0.147354 -0.190508 -0.144593 0.959733
1311868258.484910 0.852973 -0.231153 0.101637 -0.143569 -0.186022 -0.148059 0.960657
1311868258.517262 0.855057 -0.266513 0.141504 -0.151974 -0.190368 -0.156247 0.957210
1311868258.549307 0.850214 -0.251945 0.120253 -0.139034 -0.182182 -0.153746 0.961167
1311868258.585124 0.847121 -0.262036 0.128434 -0.136636 -0.180386 -0.153205 0.961936
1311868258.616904 0.849017 -0.268173 0.132912 -0.134957 -0.181506 -0.149532 0.962540
1311868258.648890 0.851040 -0.277792 0.140565 -0.135001 -0.184375 -0.146775 0.962412
1311868258.685108 0.845692 -0.288895 0.143763 -0.134272 -0.186000 -0.142425 0.962855
1311868258.716929 0.847421 -0.293357 0.146923 -0.132013 -0.189703 -0.139714 0.962842
1311868258.749015 0.856373 -0.302271 0.167599 -0.134047 -0.198774 -0.134364 0.961492
1311868258.785039 0.849945 -0.305138 0.161538 -0.133093 -0.198893 -0.131675 0.961972
1311868258.817013 0.854318 -0.333367 0.192558 -0.142230 -0.207353 -0.136746 0.958163
1311868258.848932 0.863193 -0.322458 0.170174 -0.131678 -0.205834 -0.133082 0.960511
1311868258.885648 0.869288 -0.318671 0.187228 -0.126283 -0.208461 -0.136127 0.960243
1311868258.917705 0.864187 -0.334918 0.182396 -0.127598 -0.204232 -0.138761 0.960601
1311868258.949852 0.858580 -0.341262 0.182742 -0.126594 -0.202795 -0.140058 0.960849
1311868258.985070 0.863372 -0.336602 0.197890 -0.121998 -0.207725 -0.140796 0.960283
1311868259.017026 0.867303 -0.354098 0.200449 -0.124434 -0.210890 -0.144100 0.958789
1311868259.048922 0.875073 -0.360244 0.207765 -0.122902 -0.213415 -0.147641 0.957889
1311868259.085232 0.872085 -0.359938 0.215901 -0.120409 -0.212802 -0.151097 0.957803
1311868259.116919 0.870208 -0.368731 0.220348 -0.119917 -0.212681 -0.154774 0.957304
1311868259.149197 0.870767 -0.373280 0.227031 -0.118256 -0.215077 -0.156495 0.956696
1311868259.185707 0.870879 -0.382926 0.233050 -0.117357 -0.218438 -0.158122 0.955777
1311868259.216979 0.874874 -0.390263 0.234627 -0.114366 -0.222250 -0.161083 0.954766
1311868259.248996 0.877819 -0.407537 0.270984 -0.118266 -0.230890 -0.166650 0.951279
1311868259.285039 0.901970 -0.409154 0.253084 -0.112901 -0.233955 -0.165145 0.951444
1311868259.316960 0.893903 -0.405526 0.259359 -0.110639 -0.233133 -0.167590 0.951484
1311868259.350162 0.892965 -0.416954 0.256100 -0.113068 -0.233762 -0.170774 0.950477
1311868259.385116 0.904776 -0.421182 0.273424 -0.112334 -0.239935 -0.173293 0.948568
1311868259.417128 0.912775 -0.430720 0.281692 -0.111573 -0.242443 -0.176684 0.947394
1311868259.449140 0.919600 -0.442373 0.283257 -0.109234 -0.241735 -0.180540 0.947120
1311868259.485201 0.922014 -0.439619 0.294352 -0.105033 -0.239809 -0.182074 0.947792
1311868259.517235 0.926372 -0.446612 0.293965 -0.102302 -0.238054 -0.184781 0.948009
1311868259.549524 0.933567 -0.443055 0.303483 -0.098696 -0.239170 -0.187949 0.947487
1311868259.585081 0.939672 -0.437260 0.310137 -0.094609 -0.240083 -0.193554 0.946544
1311868259.617127 0.935693 -0.446313 0.333484 -0.097816 -0.240801 -0.200746 0.944536
1311868259.649289 0.951435 -0.454942 0.319593 -0.097837 -0.241713 -0.201685 0.944101
1311868259.685014 0.959412 -0.454449 0.326471 -0.098532 -0.243728 -0.200143 0.943838
1311868259.717139 0.955583 -0.461115 0.324587 -0.101511 -0.242472 -0.199499 0.943983
1311868259.749049 0.958986 -0.461684 0.328537 -0.100980 -0.245038 -0.197380 0.943822
1311868259.785037 0.969948 -0.465994 0.331723 -0.101071 -0.249604 -0.196859 0.942724
1311868259.818043 0.973201 -0.470724 0.336315 -0.100600 -0.252423 -0.198287 0.941724
1311868259.849187 0.982155 -0.471116 0.345153 -0.097280 -0.256109 -0.199939 0.940728
1311868259.885215 0.982820 -0.470944 0.337216 -0.093855 -0.253320 -0.202465 0.941291
1311868259.917493 0.985986 -0.470571 0.338895 -0.093318 -0.252295 -0.201356 0.941857
1311868259.949104 0.985793 -0.472944 0.345154 -0.094103 -0.252122 -0.199544 0.942211
1311868259.984972 0.988978 -0.464189 0.344156 -0.091090 -0.253428 -0.197419 0.942604
1311868260.017107 0.990438 -0.464904 0.345295 -0.093517 -0.255840 -0.195965 0.942018
1311868260.049125 0.993084 -0.463909 0.349091 -0.093558 -0.258853 -0.196183 0.941145
1311868260.085277 0.999300 -0.463433 0.350730 -0.093633 -0.261093 -0.196300 0.940494
1311868260.116985 1.000020 -0.457590 0.353208 -0.092862 -0.260412 -0.196720 0.940672
1311868260.149117 1.003100 -0.466762 0.350118 -0.096729 -0.259847 -0.197218 0.940334
1311868260.184916 1.003590 -0.453442 0.354802 -0.094852 -0.258443 -0.196864 0.940986
1311868260.217009 0.998506 -0.448755 0.349282 -0.096246 -0.255117 -0.197488 0.941621
1311868260.249110 0.996059 -0.450410 0.346726 -0.100463 -0.254168 -0.195327 0.941888
1311868260.285037 0.991767 -0.450306 0.345003 -0.103187 -0.253509 -0.194429 0.941957
1311868260.317238 0.993916 -0.452976 0.346854 -0.105674 -0.255448 -0.193348 0.941380
1311868260.349210 0.990909 -0.448169 0.346539 -0.107152 -0.255794 -0.191018 0.941595
1311868260.385901 0.984869 -0.443050 0.348707 -0.108265 -0.257239 -0.188420 0.941597
1311868260.417177 0.981902 -0.446424 0.342899 -0.109447 -0.258581 -0.187164 0.941343
1311868260.449188 0.983504 -0.444446 0.345560 -0.108557 -0.261102 -0.188767 0.940430
1311868260.485105 0.980693 -0.442368 0.345008 -0.107447 -0.261557 -0.190680 0.940045
1311868260.517155 0.980644 -0.441912 0.344580 -0.106593 -0.262071 -0.191896 0.939751
1311868260.549278 0.972555 -0.435624 0.341308 -0.104650 -0.260557 -0.191988 0.940372
1311868260.588498 0.967285 -0.435671 0.338498 -0.105740 -0.260943 -0.191394 0.940264
1311868260.617023 0.960325 -0.437858 0.331395 -0.107152 -0.261518 -0.190750 0.940075
1311868260.649220 0.954262 -0.433032 0.330403 -0.106912 -0.263110 -0.190923 0.939623
1311868260.685161 0.951423 -0.430691 0.330160 -0.106984 -0.265401 -0.192890 0.938568
1311868260.717031 0.954223 -0.430542 0.332557 -0.107529 -0.268244 -0.193886 0.937492
1311868260.749052 0.947164 -0.436870 0.322362 -0.110751 -0.266459 -0.194114 0.937579
1311868260.785032 0.947921 -0.429441 0.330868 -0.109450 -0.268208 -0.193092 0.937444
1311868260.817354 0.941341 -0.424921 0.332713 -0.109397 -0.268579 -0.192503 0.937465
1311868260.849412 0.942876 -0.425400 0.334429 -0.110238 -0.271556 -0.191882 0.936636
1311868260.885138 0.938200 -0.419840 0.336865 -0.110656 -0.272552 -0.192073 0.936258
1311868260.917044 0.936680 -0.425799 0.331328 -0.112442 -0.273323 -0.194013 0.935420
1311868260.949176 0.938678 -0.421598 0.334946 -0.111182 -0.274724 -0.194308 0.935099
1311868260.985735 0.934903 -0.422006 0.331706 -0.111460 -0.273356 -0.194284 0.935472
1311868261.017109 0.932580 -0.425202 0.331138 -0.112793 -0.273885 -0.192991 0.935425
1311868261.049410 0.932743 -0.423501 0.331176 -0.112579 -0.275042 -0.192937 0.935122
1311868261.085064 0.929332 -0.420726 0.330890 -0.111272 -0.275248 -0.195429 0.934700
1311868261.117521 0.927391 -0.421415 0.328321 -0.110638 -0.275114 -0.197526 0.934374
1311868261.149243 0.931018 -0.421039 0.331556 -0.110521 -0.276827 -0.197765 0.933831
1311868261.185057 0.928956 -0.421406 0.325105 -0.109604 -0.274101 -0.200604 0.934138
1311868261.217343 0.927780 -0.419268 0.327844 -0.109441 -0.273398 -0.200591 0.934366
1311868261.250674 0.925563 -0.420698 0.330267 -0.110891 -0.272675 -0.199636 0.934611
1311868261.285209 0.925192 -0.420498 0.328237 -0.110582 -0.272528 -0.198179 0.935000
1311868261.317339 0.917677 -0.423419 0.318319 -0.111285 -0.271218 -0.198957 0.935132
1311868261.350547 0.918305 -0.413540 0.326476 -0.108926 -0.274392 -0.200372 0.934181
1311868261.385162 0.921027 -0.413762 0.325404 -0.109234 -0.276296 -0.200824 0.933487
1311868261.417214 0.923471 -0.417972 0.328973 -0.111273 -0.278074 -0.199094 0.933089
1311868261.450926 0.920477 -0.418530 0.326907 -0.111873 -0.276326 -0.197712 0.933830
1311868261.485265 0.919411 -0.418742 0.329268 -0.111901 -0.276066 -0.196288 0.934204
1311868261.517293 0.921652 -0.421999 0.327029 -0.112302 -0.277098 -0.195946 0.933922
1311868261.553565 0.921649 -0.417493 0.327351 -0.110128 -0.278297 -0.197957 0.933400
1311868261.586338 0.919006 -0.419104 0.328467 -0.111034 -0.278107 -0.198338 0.933269
1311868261.617239 0.914127 -0.416135 0.346451 -0.112447 -0.279211 -0.199356 0.932553
1311868261.654121 0.932881 -0.419733 0.331918 -0.111179 -0.281427 -0.197967 0.932334
1311868261.685195 0.918234 -0.416256 0.320863 -0.110257 -0.274723 -0.200920 0.933810
1311868261.719495 0.924552 -0.419562 0.319899 -0.111696 -0.276876 -0.200563 0.933080
1311868261.751682 0.917804 -0.415254 0.322554 -0.111545 -0.275673 -0.202129 0.933116
1311868261.787133 0.919092 -0.417807 0.318850 -0.112732 -0.276470 -0.202738 0.932606
1311868261.817195 0.919794 -0.415203 0.322832 -0.112475 -0.276739 -0.203742 0.932338
1311868261.853032 0.922632 -0.416956 0.321197 -0.113272 -0.277149 -0.203199 0.932238
1311868261.885094 0.927177 -0.414394 0.333589 -0.114177 -0.279946 -0.201866 0.931581
1311868261.917121 0.920853 -0.414985 0.321265 -0.114553 -0.275701 -0.203370 0.932474
1311868261.953503 0.920094 -0.415606 0.324026 -0.115332 -0.275854 -0.203561 0.932291
1311868261.985273 0.921535 -0.411351 0.326392 -0.113751 -0.277189 -0.203401 0.932124
1311868262.018018 0.914831 -0.422179 0.315381 -0.117843 -0.275086 -0.203715 0.932170
1311868262.053615 0.917251 -0.412215 0.323385 -0.114325 -0.276649 -0.203960 0.932092
1311868262.085382 0.919915 -0.421418 0.319142 -0.116738 -0.277635 -0.203570 0.931585
1311868262.117887 0.915528 -0.423166 0.314264 -0.116747 -0.275533 -0.203663 0.932187
1311868262.150528 0.918944 -0.414868 0.324069 -0.114310 -0.276750 -0.203112 0.932249
1311868262.185453 0.919294 -0.420727 0.317531 -0.115519 -0.276148 -0.203704 0.932149
1311868262.217304 0.924543 -0.418544 0.326590 -0.114840 -0.278714 -0.203229 0.931573
1311868262.253167 0.917602 -0.418272 0.321898 -0.114971 -0.275183 -0.203512 0.932544
1311868262.287398 0.917403 -0.413695 0.326340 -0.112956 -0.274772 -0.203393 0.932937
1311868262.317336 0.916582 -0.410808 0.321049 -0.112360 -0.273375 -0.202704 0.933570
1311868262.351121 0.928988 -0.425075 0.322338 -0.116617 -0.277663 -0.202024 0.931928
1311868262.386061 0.921677 -0.418224 0.320909 -0.115410 -0.277052 -0.200850 0.932514
1311868262.419248 0.917172 -0.417566 0.318300 -0.115708 -0.276106 -0.200685 0.932793
1311868262.453041 0.920626 -0.415265 0.325129 -0.114513 -0.277841 -0.201305 0.932292
1311868262.485168 0.920630 -0.425037 0.318769 -0.116572 -0.276588 -0.202011 0.932256
1311868262.521495 0.919573 -0.420110 0.317459 -0.115148 -0.275217 -0.201822 0.932880
1311868262.550967 0.915521 -0.426767 0.312920 -0.117480 -0.273463 -0.201082 0.933264
1311868262.585111 0.920097 -0.415450 0.322643 -0.113867 -0.275219 -0.200876 0.933240
1311868262.621668 0.917591 -0.418140 0.321693 -0.114514 -0.274318 -0.200807 0.933441
1311868262.650784 0.920588 -0.421353 0.320379 -0.115176 -0.274902 -0.200159 0.933327
1311868262.685330 0.920182 -0.419208 0.321075 -0.114312 -0.274633 -0.198647 0.933835
1311868262.721190 0.914674 -0.430783 0.310673 -0.117722 -0.272309 -0.199021 0.934013
1311868262.750486 0.922190 -0.419593 0.323834 -0.113481 -0.275286 -0.199038 0.933661
1311868262.785224 0.919182 -0.420690 0.318635 -0.114057 -0.273882 -0.199347 0.933938
1311868262.821620 0.926414 -0.417063 0.334837 -0.113897 -0.278432 -0.197070 0.933095
1311868262.850602 0.918755 -0.421739 0.323150 -0.115370 -0.274440 -0.198033 0.933893
1311868262.885337 0.920100 -0.417701 0.325460 -0.114083 -0.275431 -0.198304 0.933701
1311868262.922678 0.918251 -0.417554 0.323481 -0.113908 -0.275051 -0.198658 0.933759
1311868262.950706 0.918310 -0.417275 0.323098 -0.114484 -0.274879 -0.197932 0.933894
1311868262.985587 0.917419 -0.418002 0.326028 -0.115352 -0.275119 -0.197998 0.933702
1311868263.020693 0.918437 -0.414394 0.327488 -0.113630 -0.275393 -0.198563 0.933713
1311868263.053350 0.919521 -0.418178 0.323616 -0.114568 -0.275066 -0.198551 0.933697
1311868263.085224 0.919371 -0.412347 0.328463 -0.112698 -0.275907 -0.198808 0.933622
1311868263.121396 0.919397 -0.418234 0.323556 -0.114916 -0.275212 -0.198730 0.933573
1311868263.154334 0.920638 -0.416457 0.324796 -0.114916 -0.275701 -0.198463 0.933486
1311868263.185529 0.917984 -0.416162 0.323526 -0.115687 -0.274385 -0.198730 0.933721
